Tracking ID,Timepoint,Time,X pos,Y pos,Z pos
0,0,0,100.9210526,158.7368421,0
0,1,1,100.0714286,143.952381,0
0,2,2,100.6511628,148.5581395,0
0,3,3,101.8166667,167.6666667,0
0,4,4,101.9565217,176.4347826,0
0,5,5,100.6923077,154.3076923,0
0,6,6,99.75,143.45,0
0,7,7,100.1136364,151.2272727,0
0,8,8,101.325,173.25,0
0,9,9,101.1794872,173.7435897,0
0,10,10,100.4285714,150.2857143,0
0,11,11,99.91428571,144.4571429,0
0,12,12,100.7173913,154.4565217,0
0,13,13,102,175.2745098,0
0,14,14,101.7619048,168.9047619,0
0,15,15,100.787234,147.3191489,0
0,16,16,100.9850746,144.5970149,0
0,17,17,100.78125,159.0625,0
0,18,18,102,177.3333333,0
0,19,19,101.3396226,164.4150943,0
0,20,20,100.6545455,145.1818182,0
0,21,21,100.3174603,146.1428571,0
0,22,22,101,163.2264151,0
0,23,23,102.0243902,178.1219512,0
0,24,24,101.2666667,159.9555556,0
0,25,25,100.106383,144.0851064,0
0,26,26,100.6153846,148.5128205,0
0,27,27,101.8301887,167.2830189,0
0,28,28,102.4081633,176.877551,0
0,29,29,100.8421053,155.3157895,0
0,30,30,100.0212766,144.0425532,0
0,31,31,100.725,151.2,0
0,32,32,101.4888889,171.7333333,0
0,33,33,101.7555556,174.6666667,0
0,34,34,100.5116279,151.0697674,0
0,35,35,99.82,143.76,0
0,36,36,100.4047619,153.5238095,0
0,37,37,101.875,175.3125,0
0,38,38,101.7380952,170.3809524,0
0,39,39,100.547619,148.0238095,0
0,40,40,100.6949153,144.4915254,0
0,41,41,101.1842105,157.3157895,0
0,42,42,102.3207547,177.4716981,0
0,43,43,101.7413793,165.9482759,0
0,44,44,100.3265306,145.9387755,0
0,45,45,100.3389831,145.4576271,0
0,46,46,100.826087,161.8695652,0
0,47,47,101.9302326,177.9534884,0
0,48,48,100.5555556,161.7555556,0
0,49,49,100.22,144.72,0
0,50,50,100.1666667,147.4583333,0
0,51,51,101.2711864,165.3559322,0
0,52,52,102.1363636,177.6590909,0
0,53,53,100.9428571,156.4285714,0
0,54,54,100.9444444,144.3888889,0
0,55,55,100.3829787,150.0851064,0
0,56,56,101.547619,170.0714286,0
0,57,57,101.9333333,175.1555556,0
0,58,58,100.6,152.3333333,0
0,59,59,100.8125,144.6875,0
0,60,60,100.4222222,152.8444444,0
0,61,61,101.3863636,174.3181818,0
0,62,62,101.3488372,171.744186,0
0,63,63,100.1666667,148.8541667,0
0,64,64,100.2777778,144.4259259,0
0,65,65,100.9487179,156.2051282,0
0,66,66,102.1612903,176.3870968,0
0,67,67,101.5,166.8863636,0
0,68,68,100.8196721,146.2295082,0
0,69,69,100.4861111,144.7638889,0
0,70,70,101.2325581,160.5348837,0
0,71,71,101.8297872,177.5744681,0
0,72,72,101.7111111,162.6222222,0
0,73,73,100.6935484,144.3064516,0
0,74,74,100.4081633,146.5306122,0
0,75,75,100.8392857,164.7678571,0
0,76,76,102.0666667,177.8666667,0
0,77,77,100.8918919,157.6486486,0
0,78,78,100.7959184,143.6938776,0
0,79,79,100.5227273,149.3181818,0
0,80,80,101.6909091,168.5818182,0
0,81,81,101.9215686,175.8431373,0
0,82,82,100.8222222,153.1333333,0
0,83,83,101.5892857,143.3928571,0
0,84,84,100.8666667,151.7333333,0
0,85,85,101.490566,173.1320755,0
0,86,86,101.4324324,173.2702703,0
0,87,87,100.6304348,149.6521739,0
0,88,88,100.122449,143.6530612,0
0,89,89,100.8,154.9555556,0
0,90,90,101.6603774,176.0754717,0
0,91,91,101.5,168.2826087,0
0,92,92,100.4468085,146.4042553,0
0,93,93,100.7735849,144.5660377,0
0,94,94,101.175,159.075,0
0,95,95,102,177.6,0
0,96,96,101.326087,164,0
0,97,97,100.637931,144.9482759,0
0,98,98,100.4210526,145.5438596,0
0,99,99,101.7321429,163.2678571,0
0,100,100,101.65,177.825,0
0,101,101,101,159.3095238,0
0,102,102,100.1363636,143.9545455,0
0,103,103,99.97674419,148.2325581,0
0,104,104,101.34,167.34,0
0,105,105,101.9803922,176.254902,0
0,106,106,101.1111111,154.6111111,0
0,107,107,100.5277778,143.1388889,0
0,108,108,100.8461538,150.7692308,0
0,109,109,101.1956522,171.7173913,0
0,110,110,101.6341463,174.2439024,0
0,111,111,100.5454545,150.8409091,0
0,112,112,100.0465116,143.9302326,0
0,113,113,100.7333333,153.1777778,0
0,114,114,101.36,174.82,0
0,115,115,101.1081081,169.4324324,0
0,116,116,100.3061224,147.0408163,0
0,117,117,100.34,144.56,0
0,118,118,100.8684211,157.5789474,0
0,119,119,102.0625,176.7291667,0
0,120,120,101.7916667,165.0833333,0
0,121,121,100.9137931,145.3275862,0
0,122,122,100.8032787,145.5901639,0
0,123,123,101.2857143,161.9183673,0
0,124,124,101.58,177.88,0
0,125,125,100.675,160.725,0
0,126,126,100,143.9069767,0
0,127,127,100.3529412,147.0784314,0
0,128,128,101.5454545,165.6909091,0
0,129,129,101.8333333,176.5833333,0
0,130,130,100.9534884,155.7209302,0
0,131,131,100.6578947,143.2894737,0
0,132,132,101.4090909,149.8181818,0
0,133,133,102.14,170,0
0,134,134,101.9767442,174.744186,0
0,135,135,100.6808511,151.8510638,0
0,136,136,100.5853659,143.6341463,0
0,137,137,100.3076923,152.9487179,0
0,138,138,100.9574468,174.3191489,0
0,139,139,101.2325581,170.7906977,0
0,140,140,100.0833333,147.6666667,0
0,141,141,100.0652174,143.9347826,0
0,142,142,100.7317073,156,0
0,143,143,101.62,176.8,0
0,144,144,101.2608696,166.5869565,0
0,145,145,100.6981132,145.5660377,0
0,146,146,100.453125,144.828125,0
0,147,147,101.5833333,161.0625,0
0,148,148,101.9565217,177.7173913,0
0,149,149,100.952381,162.0952381,0
0,150,150,99.98039216,144.1960784,0
0,151,151,99.5862069,146.1034483,0
0,152,152,100.9272727,164.5454545,0
0,153,153,101.9782609,177.326087,0
0,154,154,101.2888889,156.8222222,0
0,155,155,101.0555556,143.6111111,0
0,156,156,100.8181818,149.2272727,0
0,157,157,101.6904762,169.3333333,0
0,158,158,102.1090909,175.8,0
0,159,159,100.9245283,152.9056604,0
0,160,160,100.4318182,143.0454545,0
0,161,161,100.6086957,151.9347826,0
0,162,162,101.2291667,173.1666667,0
0,163,163,101.1025641,172.4102564,0
0,164,164,99.34782609,148.9782609,0
0,165,165,99.85714286,143.952381,0
0,166,166,100.275,154.875,0
0,167,167,102.2962963,176.1851852,0
0,168,168,101.4878049,167.7317073,0
0,169,169,100.4285714,146.5510204,0
0,170,170,100.36,144.84,0
0,171,171,100.7647059,159.3529412,0
0,172,172,102.6,177.7333333,0
0,173,173,101.15,163.15,0
0,174,174,100.1896552,144.2413793,0
0,175,175,100.245283,145.3018868,0
0,176,176,101,163.6122449,0
0,177,177,101.3043478,177.3043478,0
0,178,178,100.5909091,157.7272727,0
0,179,179,100.3125,143.78125,0
0,180,180,100.2352941,148.2352941,0
0,181,181,101.7037037,167.8703704,0
0,182,182,102.0363636,176.0727273,0
0,183,183,100.66,153.82,0
0,184,184,100.3125,143.65625,0
0,185,185,100.6222222,151.1777778,0
0,186,186,101.4390244,172.0487805,0
0,187,187,101.2,173,0
0,188,188,100.1489362,149.4468085,0
0,189,189,100.1612903,143.7419355,0
0,190,190,100.7692308,153.9615385,0
0,191,191,101.4423077,175.3076923,0
0,192,192,100.8888889,168.8888889,0
0,193,193,100.06,147.18,0
0,194,194,100.3043478,144.6304348,0
0,195,195,101.05,158.2,0
0,196,196,102.4893617,177.3617021,0
0,197,197,101.1333333,164.0888889,0
0,198,198,99.94339623,144.4339623,0
0,199,199,100.3833333,145.2333333,0
0,200,200,101.1458333,162.6041667,0
0,201,201,102.0454545,177.5454545,0
0,202,202,100.8205128,159.7948718,0
0,203,203,99.64583333,143.8541667,0
0,204,204,100.1481481,147.7777778,0
0,205,205,101.1551724,166.6724138,0
0,206,206,101.5208333,176.7291667,0
0,207,207,100.9183673,154.8571429,0
0,208,208,99.9047619,142.8095238,0
0,209,209,100.5098039,149.7843137,0
0,210,210,101.7346939,170.8571429,0
0,211,211,101.8095238,174.4761905,0
0,212,212,100.3095238,151.1190476,0
0,213,213,99.7804878,143.0731707,0
0,214,214,100.3461538,152.9807692,0
0,215,215,101.7647059,174.8627451,0
0,216,216,101.0714286,170.5238095,0
0,217,217,100.1,148.1,0
0,218,218,100.1698113,144.0566038,0
0,219,219,100.3589744,157.025641,0
0,220,220,102,176.6,0
0,221,221,101.4259259,165.537037,0
0,222,222,100.1320755,144.7358491,0
0,223,223,100.5079365,144.5079365,0
0,224,224,101.1320755,161.1886792,0
0,225,225,101.58,177.42,0
0,226,226,101.0909091,161.5,0
0,227,227,100.3181818,144.1590909,0
0,228,228,100.2037037,146.8888889,0
0,229,229,101.2758621,164.862069,0
0,230,230,101.5818182,176.8363636,0
0,231,231,100.7142857,156.1428571,0
0,232,232,100.45,143.1,0
0,233,233,101.16,148.5,0
0,234,234,101.6976744,169.1627907,0
0,235,235,101.72,174.88,0
0,236,236,101.3469388,152.1020408,0
0,237,237,100.8461538,143.1794872,0
0,238,238,101.2439024,152.5121951,0
0,239,239,101.9464286,174.1428571,0
0,240,240,101.1666667,171.75,0
0,241,241,100.4081633,148.6938776,0
0,242,242,100.2173913,143.8695652,0
0,243,243,100.8372093,155.4186047,0
0,244,244,101.8307692,175.9230769,0
0,245,245,100.902439,166.804878,0
0,246,246,100.3333333,145.6491228,0
0,247,247,100.3278689,144.442623,0
0,248,248,101.5853659,159.9756098,0
0,249,249,102.212766,178,0
0,250,250,101.4130435,163.0217391,0
0,251,251,100.3061224,145.0408163,0
0,252,252,100.3207547,146.6415094,0
0,253,253,101.234375,163.890625,0
0,254,254,101.8723404,177.2765957,0
0,255,255,100.9736842,157.1315789,0
0,256,256,100.625,142.9583333,0
0,257,257,101.0204082,148.4081633,0
0,258,258,101.537037,168.037037,0
0,259,259,102.0384615,175.9807692,0
0,260,260,101.1176471,153.5098039,0
0,261,261,101.3255814,143.3953488,0
0,262,262,101.2888889,151.5111111,0
0,263,263,102.3863636,173.5227273,0
0,264,264,101.4324324,173.6486486,0
0,265,265,100.7272727,149.8545455,0
0,266,266,100.8541667,143.375,0
0,267,267,100.9555556,154.0222222,0
0,268,268,101.862069,175.4310345,0
0,269,269,101.3571429,168.4285714,0
0,270,270,100.3191489,146.6595745,0
0,271,271,100.942029,144.7101449,0
0,272,272,101.4888889,158.5777778,0
0,273,273,102.6818182,177.7272727,0
0,274,274,102,164.2280702,0
0,275,275,101.3636364,144.8333333,0
0,276,276,101.3137255,145.9411765,0
0,277,277,101.6833333,162.9166667,0
0,278,278,101.9545455,177.7954545,0
0,279,279,101.15,159.3,0
0,280,280,100.3333333,143.1333333,0
0,281,281,100.6538462,147.6153846,0
0,282,282,101.6666667,166.6666667,0
0,283,283,101.7647059,176.5294118,0
0,284,284,100.8222222,154.9111111,0
0,285,285,100.5384615,143.8461538,0
0,286,286,101.547619,151.2380952,0
0,287,287,102.2291667,171.375,0
0,288,288,102.3095238,173.7380952,0
0,289,289,101.1590909,150.5227273,0
0,290,290,101.25,143.6153846,0
0,291,291,101.3913043,153.3043478,0
0,292,292,102.3508772,175.0701754,0
0,293,293,101.4102564,169.6666667,0
0,294,294,100.8333333,147.25,0
0,295,295,100.9464286,144.2678571,0
0,296,296,101.4390244,157.4146341,0
0,297,297,102.2340426,177.4255319,0
0,298,298,101.5,165.2272727,0
0,299,299,101.0754717,145.2075472,0
0,300,300,101.8163265,145.5510204,0
0,301,301,101.7708333,161.9375,0
0,302,302,102.3829787,177.9361702,0
0,303,303,101.2093023,160.8139535,0
0,304,304,100.6363636,143.75,0
0,305,305,100.9795918,147.5306122,0
0,306,306,101.7454545,165.9272727,0
0,307,307,101.9791667,177.0833333,0
0,308,308,101,155.5714286,0
0,309,309,100.4411765,143.6764706,0
0,310,310,101.4166667,149.6041667,0
0,311,311,102,170.5869565,0
0,312,312,102.1428571,175.452381,0
0,313,313,101.3333333,151.8888889,0
0,314,314,100.8484848,143.5757576,0
0,315,315,101.8913043,152.4130435,0
0,316,316,102.0851064,174.6595745,0
0,317,317,101.6410256,171.1538462,0
0,318,318,100.6190476,148.547619,0
0,319,319,100.7142857,144.2380952,0
0,320,320,101.2439024,156.1707317,0
0,321,321,102.6851852,177.2592593,0
0,322,322,101.372093,166.5813953,0
0,323,323,101.3773585,145.4339623,0
0,324,324,100.9827586,145.137931,0
0,325,325,101.68,160.74,0
0,326,326,102.1956522,177.8695652,0
0,327,327,101.7959184,162.5918367,0
0,328,328,101.3220339,144.3898305,0
0,329,329,101.2608696,146.826087,0
0,330,330,101.8928571,164.5892857,0
0,331,331,101.952381,177.5,0
0,332,332,101.3137255,157.1764706,0
0,333,333,101.1627907,143.6976744,0
0,334,334,101.2040816,148.755102,0
0,335,335,102.0363636,168.7818182,0
0,336,336,102.1458333,175.5416667,0
0,337,337,101.245283,152.6226415,0
0,338,338,101.525,143.525,0
0,339,339,101.6744186,151.4651163,0
0,340,340,102.0208333,173.7708333,0
0,341,341,101.9166667,172.8611111,0
0,342,342,101.0227273,149.6136364,0
0,343,343,101.8301887,143.6792453,0
0,344,344,101.4761905,155.1904762,0
0,345,345,102.1923077,176.1730769,0
0,346,346,101.2391304,167.5,0
0,347,347,101.1276596,146.4255319,0
0,348,348,101.6031746,144.3650794,0
0,349,349,101.5227273,159.0909091,0
0,350,350,102.2553191,177.6808511,0
0,351,351,101.8823529,163.6666667,0
0,352,352,101.6,144.4461538,0
0,353,353,101.8076923,146.2884615,0
0,354,354,102.1754386,163.4210526,0
0,355,355,102.3953488,177.627907,0
0,356,356,101.2682927,158.8536585,0
0,357,357,101.34,143.26,0
0,358,358,101.5384615,148.0961538,0
0,359,359,101.212766,167.8297872,0
0,360,360,101.9782609,176.5434783,0
0,361,361,100.8478261,154.1086957,0
0,362,362,100.7837838,143.5405405,0
0,363,363,102.2692308,150.5576923,0
0,364,364,102.3043478,172.1956522,0
0,365,365,102.2432432,174.027027,0
0,366,366,101.52,150.28,0
0,367,367,101.4222222,143.5777778,0
0,368,368,101.7954545,154.0454545,0
0,369,369,102.3333333,175.4210526,0
0,370,370,102.075,169.025,0
0,371,371,100.673913,147.5217391,0
0,372,372,101.2916667,144.5,0
0,373,373,101.4878049,157.8536585,0
0,374,374,102.1836735,177.4285714,0
0,375,375,101.8723404,164.5106383,0
0,376,376,102,144.8269231,0
0,377,377,101.7857143,145.0357143,0
0,378,378,101.962963,162.5740741,0
0,379,379,102.3809524,178.047619,0
0,380,380,101.4545455,160.1212121,0
0,381,381,101.7735849,143.5660377,0
0,382,382,101.6721311,146.6885246,0
0,383,383,101.8793103,166.4827586,0
0,384,384,102.4565217,176.9565217,0
0,385,385,101.1627907,154.9069767,0
0,386,386,101.675,143.5,0
0,387,387,101.0833333,149.375,0
0,388,388,101.9019608,170.7843137,0
0,389,389,102.2444444,174.4444444,0
0,390,390,101.54,151.2,0
0,391,391,101.1025641,143.3076923,0
0,392,392,102.0638298,152.787234,0
0,393,393,102.4255319,174.787234,0
0,394,394,101.7619048,170.5952381,0
0,395,395,100.8695652,148.2608696,0
0,396,396,101.1632653,143.6734694,0
0,397,397,101.5365854,155.9268293,0
0,398,398,101.8913043,176.8043478,0
0,399,399,101.2608696,166.0434783,0
0,400,400,100.6111111,145.4814815,0
0,401,401,101.4912281,144.8070175,0
0,402,402,102.245283,161.3584906,0
0,403,403,102.5853659,177.9756098,0
0,404,404,102.0392157,161.627451,0
0,405,405,101.0588235,144.0196078,0
0,406,406,102.1186441,146.559322,0
0,407,407,102.2878788,164.8939394,0
0,408,408,102.2291667,177.3125,0
0,409,409,101.3414634,156.4146341,0
0,410,410,101.1707317,142.8780488,0
0,411,411,101.5555556,148.7407407,0
0,412,412,101.3658537,169.5609756,0
0,413,413,102.1521739,175.4130435,0
0,414,414,101.5744681,152,0
0,415,415,100.9354839,143.0967742,0
0,416,416,101.6956522,152.0217391,0
0,417,417,102.1777778,173.9777778,0
0,418,418,102.1707317,171.9756098,0
0,419,419,101.4901961,148.1568627,0
0,420,420,100.8888889,143.8611111,0
0,421,421,101.7021277,155.106383,0
0,422,422,101.94,176.06,0
0,423,423,101.8,166.4363636,0
0,424,424,101.4444444,145.3518519,0
0,425,425,101.9,144.44,0
0,426,426,101.8269231,160.1923077,0
0,427,427,102.4634146,178.0731707,0
0,428,428,102.0566038,163.0377358,0
0,429,429,101.6071429,143.6785714,0
0,430,430,101.5416667,146.5833333,0
0,431,431,101.6451613,163.5806452,0
0,432,432,102.2307692,177.8717949,0
0,433,433,101.725,158.125,0
0,434,434,101.452381,143.2380952,0
0,435,435,101.4423077,147.5384615,0
0,436,436,101.4042553,168.1489362,0
0,437,437,101.7906977,175.6744186,0
0,438,438,101.3555556,153.1333333,0
0,439,439,101.8292683,143.2682927,0
0,440,440,101.4489796,150.8979592,0
0,441,441,102.1395349,173.0232558,0
0,442,442,102.1707317,173.4146341,0
0,443,443,101.6607143,149.4285714,0
0,444,444,101.5714286,143.7142857,0
0,445,445,101.3636364,154.1818182,0
0,446,446,102.0869565,175.7391304,0
0,447,447,101.6590909,167.8636364,0
0,448,448,101,146.1964286,0
0,449,449,101.1136364,144.4772727,0
0,450,450,101.5416667,157.5833333,0
0,451,451,102.35,177.875,0
0,452,452,101.440678,164.0677966,0
0,453,453,101.4893617,145.1702128,0
0,454,454,101.1372549,145.6862745,0
0,455,455,102.1632653,162.7142857,0
0,456,456,102.7027027,177.7027027,0
0,457,457,101.6842105,159.4210526,0
0,458,458,101.4878049,143.8292683,0
0,459,459,101.9322034,147.2881356,0
0,460,460,101.9423077,167.0576923,0
0,461,461,102.0980392,176.1568627,0
0,462,462,101.2954545,154.0454545,0
0,463,463,101.1282051,143,0
0,464,464,101.7906977,150.372093,0
0,465,465,102,171.8461538,0
0,466,466,102.097561,174.0487805,0
0,467,467,101.3888889,151,0
0,468,468,101.2926829,143.1219512,0
0,469,469,101.8888889,153.4222222,0
0,470,470,102.5909091,174.8863636,0
0,471,471,101.8888889,169.8055556,0
0,472,472,100.9111111,147.5111111,0
0,473,473,101.375,144.475,0
0,474,474,101.4,157.125,0
0,475,475,102.36,176.84,0
0,476,476,101.875,165.6785714,0
0,477,477,100.9361702,145.106383,0
0,478,478,101.1041667,144.7291667,0
0,479,479,101.2195122,161.8536585,0
0,480,480,102.4705882,178.4117647,0
0,481,481,101.6216216,161.0540541,0
0,482,482,101.755102,143.6938776,0
0,483,483,101.7435897,146.8974359,0
0,484,484,101.6170213,165.2978723,0
0,485,485,102.0238095,177.2857143,0
0,486,486,101.3478261,155.5217391,0
0,487,487,101.5777778,142.8222222,0
0,488,488,101.6938776,148.5918367,0
0,489,489,101.9534884,170.1627907,0
0,490,490,101.6097561,175.0243902,0
0,491,491,100.6304348,151.8478261,0
0,492,492,101.0697674,142.5581395,0
0,493,493,101.1304348,152.0652174,0
0,494,494,101.9302326,174.5348837,0
0,495,495,101.8125,171.375,0
0,496,496,101.2,148.4888889,0
0,497,497,101.212766,144,0
0,498,498,101.3611111,156,0
0,499,499,102.0208333,176.9166667,0
0,500,500,101.3617021,166.5106383,0
0,501,501,100.5769231,145.6346154,0
0,502,502,100.6792453,144.5283019,0
0,503,503,101.0555556,160.4444444,0
0,504,504,101.8095238,177.8333333,0
0,505,505,100.9555556,162.2,0
0,506,506,101.1632653,143.5714286,0
0,507,507,101.1428571,146.5952381,0
0,508,508,101.6393443,164.6885246,0
0,509,509,102.6222222,177.1555556,0
0,510,510,101.0277778,157.1111111,0
0,511,511,100.027027,144.0810811,0
0,512,512,101.4821429,148.0357143,0
0,513,513,101.5909091,168.7272727,0
0,514,514,101.6341463,175.6097561,0
0,515,515,100.5238095,152.3333333,0
0,516,516,101.0263158,142.3947368,0
0,517,517,101.1111111,151.2222222,0
0,518,518,101.625,173.35,0
0,519,519,101.6666667,172.974359,0
0,520,520,100.6078431,149.0980392,0
0,521,521,101.0204082,142.6734694,0
0,522,522,101.5,154.8181818,0
0,523,523,102,176.4651163,0
0,524,524,101.6808511,167.7446809,0
0,525,525,100.9333333,145.4666667,0
0,526,526,101.0338983,143.5423729,0
0,527,527,100.9761905,158.1190476,0
0,528,528,101.6818182,177.6363636,0
0,529,529,101.0217391,163.2608696,0
0,530,530,100.9824561,144.4385965,0
0,531,531,101.1803279,144.3442623,0
0,532,532,101.877551,163.0612245,0
0,533,533,102.0769231,178.1538462,0
0,534,534,101.2285714,158.4571429,0
0,535,535,100.8205128,143.025641,0
0,536,536,101.3220339,146.8813559,0
0,537,537,101.8,167.34,0
0,538,538,101.8695652,175.9782609,0
0,539,539,100.5957447,153.6382979,0
0,540,540,99.96774194,142.1612903,0
0,541,541,100.7368421,149.6315789,0
0,542,542,101.3333333,172.2307692,0
0,543,543,101.6486486,173.6756757,0
0,544,544,100.3191489,149.9148936,0
0,545,545,100.3090909,142.6363636,0
0,546,546,101.8076923,153.4038462,0
0,547,547,102.1578947,175.5263158,0
0,548,548,101.7894737,168.9736842,0
0,549,549,101.1166667,147.0166667,0
0,550,550,100.6530612,143.9591837,0
0,551,551,101.2222222,157.4,0
0,552,552,101.6111111,177.2777778,0
0,553,553,101.0869565,164.3043478,0
0,554,554,100.6346154,144.7884615,0
0,555,555,100.6333333,144.5166667,0
0,556,556,101.372549,161.8235294,0
0,557,557,101.972973,177.6756757,0
0,558,558,101,159.9230769,0
0,559,559,100.2682927,143.804878,0
0,560,560,100.6097561,154.7560976,0
0,561,561,100.2285714,142.5428571,0
0,562,562,100.7755102,149.4897959,0
0,563,563,101.5789474,170.3157895,0
0,564,564,101.2051282,174.5641026,0
0,565,565,100.7021277,150.8723404,0
0,566,566,100.875,142.625,0
0,567,567,101.1632653,152.3673469,0
0,568,568,101.675,174.675,0
0,569,569,101.7575758,170.3939394,0
0,570,570,100.8636364,147.6818182,0
0,571,571,100.7111111,143.4,0
0,572,572,101.3877551,155.877551,0
0,573,573,102.0227273,176.1590909,0
0,574,574,101.1132075,165.4528302,0
0,575,575,99.94230769,145.4423077,0
0,576,576,100.1020408,144.5714286,0
0,577,577,101.1296296,160.9259259,0
0,578,578,101.6756757,177.8648649,0
0,579,579,100.8536585,161.7804878,0
0,580,580,100.25,143.6136364,0
0,581,581,100.3684211,145.5438596,0
0,582,582,101.3283582,164.2089552,0
0,583,583,102,177.2619048,0
0,584,584,100.875,156.15625,0
0,585,585,100.2972973,143,0
0,586,586,101.0754717,148.1886792,0
0,587,587,101.6,168.9555556,0
0,588,588,101.7,175.525,0
0,589,589,100.6744186,151.8139535,0
0,590,590,101.0416667,142.6041667,0
0,591,591,100.5853659,151.4146341,0
0,592,592,101.5714286,173.3142857,0
0,593,593,101.5625,172.28125,0
0,594,594,100.7735849,148.2830189,0
0,595,595,100.6666667,143.0909091,0
0,596,596,101.0888889,154.8888889,0
0,597,597,101.6904762,176.4047619,0
0,598,598,101.21875,167.5,0
0,599,599,100.4909091,145.6181818,0
0,600,600,100.5531915,144.0425532,0
0,601,601,101.1428571,159.2,0
0,602,602,101.7837838,177.6486486,0
0,603,603,100.8108108,163.1621622,0
0,604,604,100.1052632,143.5614035,0
0,605,605,100.3454545,145.8181818,0
0,606,606,101.3469388,164.0204082,0
0,607,607,102.3333333,177.6666667,0
0,608,608,101.1842105,157.3684211,0
0,609,609,100.9375,153.1666667,0
0,610,610,100.1818182,142.4090909,0
0,611,611,100.94,150.06,0
0,612,612,101.2285714,172.4285714,0
0,613,613,101.4634146,173.2926829,0
0,614,614,100.38,148.88,0
0,615,615,100.7380952,142.1190476,0
0,616,616,101,153.6382979,0
0,617,617,101.6976744,176.1627907,0
0,618,618,101.7105263,168.7894737,0
0,619,619,100.3695652,146.4347826,0
0,620,620,100.5897436,143.8461538,0
0,621,621,101.0555556,157.9444444,0
0,622,622,101.8444444,177.6,0
0,623,623,101.0952381,164.0952381,0
0,624,624,100.0208333,143.7083333,0
0,625,625,100.8979592,145,0
0,626,626,101.225,162.875,0
0,627,627,101.6521739,177.9347826,0
0,628,628,100.7692308,159.1794872,0
0,629,629,100.5306122,142.4285714,0
0,630,630,100.8909091,147.0181818,0
0,631,631,101.8076923,167.1153846,0
0,632,632,101.8571429,176.7857143,0
0,633,633,100.8,154.475,0
0,634,634,100.7045455,142.7045455,0
0,635,635,100.6875,149.4375,0
0,636,636,101.3095238,171.452381,0
0,637,637,101.4418605,174.0697674,0
0,638,638,100.1666667,150.037037,0
0,639,639,100.1538462,142.3076923,0
0,640,640,100.5531915,152.8723404,0
0,641,641,102.0625,175.1875,0
0,642,642,101.3,170.1,0
0,643,643,100.5333333,146.7666667,0
0,644,644,100.7727273,142.9545455,0
0,645,645,100.8979592,156.5102041,0
0,646,646,101.8837209,177.1162791,0
0,647,647,101.18,165.04,0
0,648,648,100.4,144.7454545,0
0,649,649,100.3571429,144.1964286,0
0,650,650,100.98,161.32,0
0,651,651,101.804878,177.7560976,0
0,652,652,100.825,160.825,0
0,653,653,99.84615385,143.2307692,0
0,654,654,100.4313725,146.372549,0
0,655,655,101.6792453,165.1698113,0
0,656,656,102.2916667,176.6875,0
0,657,657,101.3043478,155.5,0
0,658,658,100.8222222,142.6666667,0
0,659,659,100.7678571,148.5892857,0
0,660,660,101.2857143,169.8333333,0
0,661,661,101.893617,174.8297872,0
0,662,662,100.8636364,151.0227273,0
0,663,663,100.5789474,142.2105263,0
0,664,664,100.7659574,151.9574468,0
0,665,665,101.7209302,174.3023256,0
0,666,666,101.2702703,170.9459459,0
0,667,667,100.44,147.7,0
0,668,668,101.1794872,142.9487179,0
0,669,669,101.4222222,155.5111111,0
0,670,670,102.3,176.32,0
0,671,671,101.245283,166.3962264,0
0,672,672,100.7636364,145.2,0
0,673,673,100.9183673,144.4489796,0
0,674,674,100.9591837,160.6530612,0
0,675,675,101.8333333,177.952381,0
0,676,676,101.1041667,162.2083333,0
0,677,677,100.125,143.0892857,0
0,678,678,100.7407407,145.8148148,0
0,679,679,101.4915254,163.9830508,0
0,680,680,102.1219512,177.5609756,0
0,681,681,100.8181818,157.0454545,0
0,682,682,100.8108108,142.4054054,0
0,683,683,101.1525424,147.6101695,0
0,684,684,101.4772727,168.1590909,0
0,685,685,102,175.8333333,0
0,686,686,100.5416667,152.25,0
0,687,687,100.3958333,142.1458333,0
0,688,688,100.9056604,150.5849057,0
0,689,689,101.3809524,173.2857143,0
0,690,690,101.3333333,172.5952381,0
0,691,691,100.6825397,148.4603175,0
0,692,692,100.1086957,143.2608696,0
0,693,693,100.6086957,154.7826087,0
0,694,694,102,176.3170732,0
0,695,695,101.1914894,167.7659574,0
0,696,696,101.1384615,145.4307692,0
0,697,697,101.0555556,143.3333333,0
0,698,698,101.075,158.8,0
0,699,699,101.8095238,177.6666667,0
0,700,700,101.0333333,163.2,0
0,701,701,99.98039216,143.9019608,0
0,702,702,100.4193548,144.8548387,0
0,703,703,101.0769231,163.1346154,0
0,704,704,101.825,177.95,0
0,705,705,100.8222222,158,0
0,706,706,100.6078431,142.5686275,0
0,707,707,101.2333333,147.0666667,0
0,708,708,101.8,167.0181818,0
0,709,709,101.8333333,176.047619,0
0,710,710,100.7391304,153.7391304,0
0,711,711,100.1346154,141.5769231,0
0,712,712,100.8823529,150.0588235,0
0,713,713,101.3243243,172.1621622,0
0,714,714,101.225,173.275,0
0,715,715,100.7407407,149.5185185,0
0,716,716,100.3658537,142.6097561,0
0,717,717,100.4255319,153.212766,0
0,718,718,101.525,175.35,0
0,719,719,101.0727273,168.2727273,0
0,720,720,100.5,145.7931034,0
0,721,721,100.6481481,143.0925926,0
0,722,722,101.3333333,157.5238095,0
0,723,723,102.0697674,177.6046512,0
0,724,724,101.4038462,164.1730769,0
0,725,725,100.8983051,143.9830508,0
0,726,726,100.2592593,144.2222222,0
0,727,727,101,162.1372549,0
0,728,728,102.0222222,177.8444444,0
0,729,729,100.7560976,159.8536585,0
0,730,730,99.95555556,142.6666667,0
0,731,731,100.3728814,146.1525424,0
0,732,732,101.1851852,166.0555556,0
0,733,733,101.8604651,177.1860465,0
0,734,734,100.6888889,154.1555556,0
0,735,735,100.5192308,141.9423077,0
0,736,736,100.8679245,149.3773585,0
0,737,737,101.8571429,170.8571429,0
0,738,738,102,174.4444444,0
0,739,739,100.58,150.82,0
0,740,740,100.6181818,142.2363636,0
0,741,741,100.78,152.68,0
0,742,742,102.0943396,174.7169811,0
0,743,743,101.6341463,170.0243902,0
0,744,744,100.3333333,146.7894737,0
0,745,745,100.3269231,142.7692308,0
0,746,746,101,155.875,0
0,747,747,102.3518519,176.6296296,0
0,748,748,101.8305085,165.3050847,0
0,749,749,100.8360656,144.6065574,0
0,750,750,100.9655172,144.0172414,0
0,751,751,101.3695652,160.826087,0
0,752,752,101.9761905,177.7857143,0
0,753,753,101.2608696,161.1521739,0
0,754,754,100.1568627,143.4705882,0
0,755,755,100.3174603,145.6984127,0
0,756,756,101.6610169,165,0
0,757,757,102.4468085,177.0638298,0
0,758,758,101.02,155.5,0
0,759,759,100.5185185,141.9814815,0
0,760,760,101.245614,148.6315789,0
0,761,761,102.0851064,169.3404255,0
0,762,762,102.1764706,174.8235294,0
0,763,763,101.0188679,151.7735849,0
0,764,764,100.375,142.8125,0
0,765,765,101.0188679,151.7735849,0
0,766,766,101.4102564,173.7948718,0
0,767,767,101.7179487,171.2307692,0
0,768,768,100.5873016,147.9365079,0
0,769,769,100.24,142.72,0
0,770,770,101.0444444,155.1111111,0
0,771,771,102.1818182,176.0545455,0
0,772,772,101.7454545,166.8363636,0
0,773,773,100.7777778,145.2380952,0
0,774,774,100.5087719,143.8596491,0
0,775,775,101.6808511,159.8085106,0
0,776,776,102.195122,177.902439,0
0,777,777,101.7377049,162.5081967,0
0,778,778,100.8307692,143.3538462,0
0,779,779,100.7727273,145.6060606,0
0,780,780,101.5238095,164.2539683,0
0,781,781,101.8,177.5555556,0
0,782,782,100.744186,156.7906977,0
0,783,783,100.275,142.775,0
0,784,784,100.9285714,147.5428571,0
0,785,785,101.9215686,168.4117647,0
0,786,786,102.106383,175.7234043,0
0,787,787,101.3103448,152.7931034,0
0,788,788,100.9833333,142.0666667,0
0,789,789,100.9411765,150.8039216,0
0,790,790,102.075,172.925,0
0,791,791,102.0869565,172.8478261,0
0,792,792,100.6461538,148.5230769,0
0,793,793,100.0652174,142.3913043,0
0,794,794,100.3404255,153.9361702,0
0,795,795,102.5,175.84,0
0,796,796,101.4313725,167.7843137,0
0,797,797,100.7846154,146.1230769,0
0,798,798,100.6666667,143.6166667,0
0,799,799,101.5217391,158.6086957,0
0,800,800,102.4310345,177.4655172,0
0,801,801,101.7169811,163.8490566,0
0,802,802,101.0144928,143.7536232,0
0,803,803,100.5833333,144.8333333,0
0,804,804,101.5645161,162.9677419,0
0,805,805,102.3584906,177.6792453,0
0,806,806,101.0243902,158.8780488,0
0,807,807,100.0196078,142.4901961,0
0,808,808,100.9305556,146.7222222,0
0,809,809,101.5535714,166.6428571,0
0,810,810,102.1041667,176.2083333,0
0,811,811,101.326087,154.0434783,0
0,812,812,100.3636364,142.0545455,0
0,813,813,101.109375,149.640625,0
0,814,814,101.9130435,171.8478261,0
0,815,815,101.826087,174,0
0,816,816,101.0793651,149.5555556,0
0,817,817,100.2264151,142.2641509,0
0,818,818,101.2962963,153.1481481,0
0,819,819,101.7173913,175.2391304,0
0,820,820,101.5531915,169.3617021,0
0,821,821,100.7794118,146.4411765,0
0,822,822,100.6271186,143.2711864,0
0,823,823,101.2272727,156.8181818,0
0,824,824,102.0925926,177.1296296,0
0,825,825,102.203125,164.609375,0
0,826,826,100.6190476,144.6349206,0
0,827,827,101,144.3846154,0
0,828,828,101.68,161.84,0
0,829,829,102.4090909,177.7954545,0
0,830,830,101.3529412,159.7843137,0
0,831,831,100.6491228,142.7719298,0
0,832,832,100.6567164,146.0149254,0
0,833,833,101.3076923,166.1538462,0
0,834,834,102.106383,176.7659574,0
0,835,835,101.0384615,154.5192308,0
0,836,836,100.1090909,142.6363636,0
0,837,837,100.9016393,148.704918,0
0,838,838,102.0625,170.7291667,0
0,839,839,102,174.4791667,0
0,840,840,101.3559322,150.6101695,0
0,841,841,100.1333333,142.0833333,0
0,842,842,101.1111111,152.1481481,0
0,843,843,102,174.4363636,0
0,844,844,101.4571429,171.1142857,0
0,845,845,100.9032258,147.016129,0
0,846,846,100.1607143,142.4285714,0
0,847,847,101.0588235,155.3921569,0
0,848,848,101.8333333,177.1041667,0
0,849,849,101.7358491,166.2264151,0
0,850,850,100.6271186,144.9491525,0
0,851,851,100.5873016,144.0793651,0
0,852,852,101.0888889,160.9555556,0
0,853,853,102.1458333,177.8333333,0
0,854,854,101.4313725,161.3137255,0
0,855,855,100.295082,142.6885246,0
0,856,856,100.5774648,145.6056338,0
0,857,857,101.5471698,164.5849057,0
0,858,858,102.0638298,177.1914894,0
0,859,859,100.5306122,156.0408163,0
0,860,860,100.5857143,141.9,0
0,861,861,100.5964912,147.8947368,0
0,862,862,101.5,169.0208333,0
0,863,863,101.8837209,175.2790698,0
0,864,864,100.8571429,152.0892857,0
0,865,865,100.4545455,141.6060606,0
0,866,866,100.6862745,151.372549,0
0,867,867,101.9130435,173.7608696,0
0,868,868,101.7857143,171.8095238,0
0,869,869,100.442623,148.2622951,0
0,870,870,99.72,142.4,0
0,871,871,100.7843137,154.6078431,0
0,872,872,101.7391304,176.1304348,0
0,873,873,100.9649123,166.8596491,0
0,874,874,99.95454545,145.1515152,0
0,875,875,100.6190476,143.4126984,0
0,876,876,101,159.3409091,0
0,877,877,102.4,177.7111111,0
0,878,878,101.4666667,162.4666667,0
0,879,879,100.6229508,143.6721311,0
0,880,880,100.5555556,144.7936508,0
0,881,881,101.5254237,163.5084746,0
0,882,882,102.1555556,177.4666667,0
0,883,883,101.0208333,157.3125,0
0,884,884,99.69230769,142.4038462,0
0,885,885,100.1617647,147.2205882,0
0,886,886,101.5849057,168.1886792,0
0,887,887,101.96,176.08,0
0,888,888,100.5535714,152.9285714,0
0,889,889,100.173913,141.9565217,0
0,890,890,100.75,149.8333333,0
0,891,891,102.0869565,172.9347826,0
0,892,892,101.8536585,173.0487805,0
0,893,893,100.3571429,149.1785714,0
0,894,894,99.62962963,142.5185185,0
0,895,895,100.7142857,153.6530612,0
0,896,896,102.0816327,175.2653061,0
0,897,897,101.3207547,168,0
0,898,898,100.0735294,145.7647059,0
0,899,899,99.36666667,143.2166667,0
0,900,900,100.9318182,157.7727273,0
0,901,901,102.1875,177.2083333,0
0,902,902,101.6551724,164.1206897,0
0,903,903,100.3283582,144.6119403,0
0,904,904,100.1756757,144.5135135,0
0,905,905,101.6181818,162.6727273,0
0,906,906,102.1458333,177.7916667,0
0,907,907,101.3061224,159.1632653,0
0,908,908,100.0555556,142.7592593,0
0,909,909,99.90322581,146.3387097,0
0,910,910,101.6315789,166.2105263,0
0,911,911,101.8125,176.4166667,0
0,912,912,100.5777778,154.7111111,0
0,913,913,100.6666667,142.4561404,0
0,914,914,100.2758621,149.5862069,0
0,915,915,101.8888889,171.3333333,0
0,916,916,102.1666667,174.2916667,0
0,917,917,100.6964286,150.375,0
0,918,918,99.51923077,142.5769231,0
0,919,919,100.8474576,152.7966102,0
0,920,920,102.0769231,174.8846154,0
0,921,921,101.5,169.5208333,0
0,922,922,100.4032258,146.7419355,0
0,923,923,100.2063492,143.1587302,0
0,924,924,100.56,156.26,0
0,925,925,102.0192308,176.6346154,0
0,926,926,101.4202899,164.7391304,0
0,927,927,100.1973684,144.2631579,0
0,928,928,99.95714286,144.0571429,0
0,929,929,101.4901961,161.5490196,0
0,930,930,102.3191489,177.6170213,0
0,931,931,101.7037037,160.7777778,0
0,932,932,100.2769231,142.7538462,0
0,933,933,100.1940299,146.0746269,0
0,934,934,101.5263158,165.4035088,0
0,935,935,102.1,176.8,0
0,936,936,100.8461538,154.9807692,0
0,937,937,99.94339623,142.6226415,0
0,938,938,100.1612903,148.8225806,0
0,939,939,101.7173913,170.3478261,0
0,940,940,101.9622642,174.7735849,0
0,941,941,100.6140351,151.6666667,0
0,942,942,100.2280702,142.4385965,0
0,943,943,101.0377358,152.0377358,0
0,944,944,102.1041667,174.2916667,0
0,945,945,102.1702128,170.8510638,0
0,946,946,100.5666667,147.6833333,0
0,947,947,99.87301587,142.2539683,0
0,948,948,101.0740741,155.0740741,0
0,949,949,101.7826087,176.9347826,0
0,950,950,101.4642857,166.2321429,0
0,951,951,100,145.030303,0
0,952,952,99.6969697,143.9090909,0
0,953,953,101.4814815,160.1111111,0
0,954,954,102.32,177.66,0
0,955,955,101.5166667,161.65,0
0,956,956,100.3432836,142.9850746,0
0,957,957,100.3055556,145.3472222,0
0,958,958,101.5245902,164.2131148,0
0,959,959,102.3333333,177.1296296,0
0,960,960,100.8333333,156.7291667,0
0,961,961,99.4137931,142.3965517,0
0,962,962,99.70689655,147.6206897,0
0,963,963,101.5510204,168.6734694,0
0,964,964,101.8947368,175.4912281,0
0,965,965,100.7419355,152.1290323,0
0,966,966,99.38461538,141.8769231,0
0,967,967,100.1428571,150.8035714,0
0,968,968,101.7173913,173.2173913,0
0,969,969,101.8461538,172.4102564,0
0,970,970,100.6190476,148.3492063,0
0,971,971,99.6119403,142.2985075,0
0,972,972,100.557377,154.2295082,0
0,973,973,101.6382979,176.3617021,0
0,974,974,101.6346154,167.5769231,0
0,975,975,100.0769231,145.9384615,0
0,976,976,99.60344828,143.4655172,0
0,977,977,100.6382979,158.5531915,0
0,978,978,101.5744681,177.6382979,0
0,979,979,101.6481481,163.0740741,0
0,980,980,99.95238095,143.9206349,0
0,981,981,100.0434783,144.9130435,0
0,982,982,101.2692308,163.5576923,0
0,983,983,102.1632653,177.5102041,0
0,984,984,100.6530612,157.3673469,0
0,985,985,99.96078431,142.6862745,0
0,986,986,99.86956522,146.9275362,0
0,987,987,101.2931034,167.2068966,0
0,988,988,101.8928571,175.8214286,0
0,989,989,100.4545455,153.1272727,0
0,990,990,99.19148936,142.893617,0
0,991,991,100.0333333,149.7666667,0
0,992,992,101.7142857,172.5714286,0
0,993,993,102.1041667,173.1875,0
0,994,994,100.4035088,149.5263158,0
0,995,995,99.86,142.52,0
0,996,996,100.7413793,153.0344828,0
0,997,997,101.7924528,175.2641509,0
0,998,998,101.8431373,168.6470588,0
0,999,999,99.78787879,145.7878788,0
0,1000,1000,99.43636364,143.5454545,0
0,1001,1001,100.5,157.25,0
0,1002,1002,102.1964286,177.0892857,0
0,1003,1003,101.1754386,164.5438596,0
0,1004,1004,99.53968254,143.9047619,0
0,1005,1005,99.70886076,144.3797468,0
0,1006,1006,101,161.9433962,0
0,1007,1007,102.38,177.76,0
0,1008,1008,101.2083333,159.2708333,0
0,1009,1009,99.39285714,142.5357143,0
0,1010,1010,99.44736842,145.7236842,0
0,1011,1011,101.3934426,166.0327869,0
0,1012,1012,101.9791667,176.6041667,0
0,1013,1013,100.4259259,154.8888889,0
0,1014,1014,99.04651163,142.4186047,0
0,1015,1015,99.84126984,148.9365079,0
0,1016,1016,101.2391304,171,0
0,1017,1017,101.9387755,174.4285714,0
0,1018,1018,100.1166667,150.55,0
0,1019,1019,99.36734694,142.5510204,0
0,1020,1020,100.1372549,152.5098039,0
0,1021,1021,101.7659574,174.3829787,0
0,1022,1022,101.3125,170.1666667,0
0,1023,1023,100.1176471,146.6911765,0
0,1024,1024,99.42307692,142.8269231,0
0,1025,1025,100.7115385,156.2115385,0
0,1026,1026,101.825,176.95,0
0,1027,1027,100.9491525,165.1016949,0
0,1028,1028,99.55072464,144.6666667,0
0,1029,1029,99.6875,144.015625,0
0,1030,1030,100.9833333,160.8166667,0
0,1031,1031,102.1489362,177.4255319,0
0,1032,1032,100.8823529,160.8235294,0
0,1033,1033,99.78846154,143.6153846,0
0,1034,1034,99.875,145.5694444,0
0,1035,1035,101.2741935,164.9032258,0
0,1036,1036,102.0961538,176.8269231,0
0,1037,1037,100.3829787,155.6808511,0
0,1038,1038,99.22413793,142.2413793,0
0,1039,1039,99.921875,148.390625,0
0,1040,1040,101.2653061,169.6122449,0
0,1041,1041,101.6111111,174.9259259,0
0,1042,1042,100.1111111,151.2592593,0
0,1043,1043,98.84482759,142.1034483,0
0,1044,1044,100.0517241,151.2758621,0
0,1045,1045,101.7142857,173.8333333,0
0,1046,1046,101.5434783,171.5434783,0
0,1047,1047,99.79365079,147.3492063,0
0,1048,1048,99.72580645,142.516129,0
0,1049,1049,100.5,154.8269231,0
0,1050,1050,102.0652174,176.6304348,0
0,1051,1051,101.1034483,166.1034483,0
0,1052,1052,99.64383562,144.8493151,0
0,1053,1053,98.98529412,143.6029412,0
0,1054,1054,100.5434783,159.5434783,0
0,1055,1055,101.7906977,177.7906977,0
0,1056,1056,100.8666667,162.2333333,0
0,1057,1057,99.81538462,143.2769231,0
0,1058,1058,99.375,144.95,0
0,1059,1059,101.0714286,164.2142857,0
0,1060,1060,102.4651163,177.4883721,0
0,1061,1061,100.8301887,156.9245283,0
0,1062,1062,99.33928571,142.4285714,0
0,1063,1063,99.50847458,147.1525424,0
0,1064,1064,100.9423077,168.1730769,0
0,1065,1065,101.8333333,175.625,0
0,1066,1066,100.1896552,152.637931,0
0,1067,1067,99.16666667,142.3833333,0
0,1068,1068,99.83333333,150.3333333,0
0,1069,1069,101.547619,172.9047619,0
0,1070,1070,101.6,172.6444444,0
0,1071,1071,100.137931,148.8448276,0
0,1072,1072,99.16393443,142.6229508,0
0,1073,1073,100.1525424,153.7627119,0
0,1074,1074,102.2075472,176.0943396,0
0,1075,1075,101.3555556,167.8888889,0
0,1076,1076,99.79452055,145.5753425,0
0,1077,1077,99.45833333,143.3888889,0
0,1078,1078,100.673913,158.2826087,0
0,1079,1079,101.6410256,177.7692308,0
0,1080,1080,101.0188679,163.7358491,0
0,1081,1081,99.7012987,143.9090909,0
0,1082,1082,99.22222222,144.9012346,0
0,1083,1083,100.7647059,163.254902,0
0,1084,1084,102.1363636,177.5,0
0,1085,1085,100.452381,158.547619,0
0,1086,1086,99.5,143.0172414,0
0,1087,1087,100.0289855,146.7536232,0
0,1088,1088,101.7037037,167.2222222,0
0,1089,1089,102.0208333,176.2083333,0
0,1090,1090,100.3508772,153.8070175,0
0,1091,1091,99.09433962,142.8679245,0
0,1092,1092,99.73134328,149.7910448,0
0,1093,1093,101.4102564,171.6666667,0
0,1094,1094,101.5227273,173.5681818,0
0,1095,1095,100.0819672,149.7213115,0
0,1096,1096,99.22413793,142.8275862,0
0,1097,1097,100.4166667,153.2166667,0
0,1098,1098,102.2040816,175.7959184,0
0,1099,1099,101.4651163,169.0930233,0
0,1100,1100,99.56666667,146.5833333,0
0,1101,1101,98.96875,142.984375,0
0,1102,1102,100.7021277,156.9361702,0
0,1103,1103,102.1521739,177.4347826,0
0,1104,1104,101.2459016,164.3606557,0
0,1105,1105,99.12307692,144.1846154,0
0,1106,1106,99.09459459,144.7297297,0
0,1107,1107,101,162.0943396,0
0,1108,1108,102.3571429,177.9285714,0
0,1109,1109,101.26,160.48,0
0,1110,1110,99.33333333,143.1929825,0
0,1111,1111,99.76811594,145.9710145,0
0,1112,1112,101.4897959,166.2040816,0
0,1113,1113,101.9795918,177.0408163,0
0,1114,1114,100.7843137,154.6862745,0
0,1115,1115,99.28070175,142.5789474,0
0,1116,1116,100.147541,149.0491803,0
0,1117,1117,101.5348837,170.3953488,0
0,1118,1118,101.8627451,174.7647059,0
0,1119,1119,100.6271186,150.779661,0
0,1120,1120,99.20967742,142.1774194,0
0,1121,1121,100.3157895,152.3333333,0
0,1122,1122,102.2083333,174.7708333,0
0,1123,1123,101.826087,170.2608696,0
0,1124,1124,100.3442623,147.4098361,0
0,1125,1125,99.45901639,142.9836066,0
0,1126,1126,100.5111111,156,0
0,1127,1127,102.2115385,176.8846154,0
0,1128,1128,101.6440678,165.8474576,0
0,1129,1129,99.71830986,144.7042254,0
0,1130,1130,99.23611111,144.2361111,0
0,1131,1131,100.8222222,161.0222222,0
0,1132,1132,102.1956522,177.8695652,0
0,1133,1133,101.2181818,161.4,0
0,1134,1134,99.95454545,143.2575758,0
0,1135,1135,99.69333333,145.6266667,0
0,1136,1136,101.6909091,164.5818182,0
0,1137,1137,101.8181818,177.5,0
0,1138,1138,100.78,155.88,0
0,1139,1139,100.2692308,142.5576923,0
0,1140,1140,100.2089552,148.3432836,0
0,1141,1141,101.4782609,168.9782609,0
0,1142,1142,101.76,175.22,0
0,1143,1143,100.5322581,151.516129,0
0,1144,1144,99.41666667,142.1666667,0
0,1145,1145,100.1111111,151.6481481,0
0,1146,1146,101.7959184,174,0
0,1147,1147,102.0192308,171.3269231,0
0,1148,1148,100.15,148.1,0
0,1149,1149,99.14754098,142.6721311,0
0,1150,1150,100.7234043,154.9787234,0
0,1151,1151,102.5263158,176.0701754,0
0,1152,1152,101.968254,166.9206349,0
0,1153,1153,99.81333333,145.3066667,0
0,1154,1154,99.4,144.0769231,0
0,1155,1155,100.7674419,159.7674419,0
0,1156,1156,102.3673469,177.7959184,0
0,1157,1157,101.3076923,162.4923077,0
0,1158,1158,99.47368421,143.0394737,0
0,1159,1159,99.60273973,145.2465753,0
0,1160,1160,101.4444444,163.6507937,0
0,1161,1161,102.3962264,177.5660377,0
0,1162,1162,100.8,157.72,0
0,1163,1163,99.29310345,142.5862069,0
0,1164,1164,99.7761194,147.1492537,0
0,1165,1165,101.9074074,168.4259259,0
0,1166,1166,102.2777778,175.8888889,0
0,1167,1167,100.0819672,152.9508197,0
0,1168,1168,98.7755102,142.3673469,0
0,1169,1169,99.89473684,150.4385965,0
0,1170,1170,101.9,172.56,0
0,1171,1171,101.3809524,172.7857143,0
0,1172,1172,100.0333333,149.1166667,0
0,1173,1173,99.0862069,142.5,0
0,1174,1174,100.3157895,153.5614035,0
0,1175,1175,102,175.4897959,0
0,1176,1176,101.8490566,168.1132075,0
0,1177,1177,100.2179487,145.7435897,0
0,1178,1178,98.90140845,143.5633803,0
0,1179,1179,100.5454545,157.8181818,0
0,1180,1180,102.255814,177.627907,0
0,1181,1181,101.3114754,163.9344262,0
0,1182,1182,99.60240964,143.7228916,0
0,1183,1183,99.0125,144.6125,0
0,1184,1184,101.1111111,162.5185185,0
0,1185,1185,101.7173913,177.6521739,0
0,1186,1186,100.7608696,159.1956522,0
0,1187,1187,99.22,142.58,0
0,1188,1188,99.54411765,146.3970588,0
0,1189,1189,101.5081967,166.6557377,0
0,1190,1190,101.8703704,176.2592593,0
0,1191,1191,100.5789474,154,0
0,1192,1192,99.21538462,142.2307692,0
0,1193,1193,99.45454545,149.9454545,0
0,1194,1194,101.255814,171.1395349,0
0,1195,1195,101.6222222,174.0666667,0
0,1196,1196,100.1587302,149.4126984,0
0,1197,1197,98.5,142.326087,0
0,1198,1198,100.2131148,153.0163934,0
0,1199,1199,101.5333333,175.1333333,0
0,1200,1200,101.3913043,169.5869565,0
0,1201,1201,99.79220779,146.3246753,0
0,1202,1202,98.875,143.3392857,0
0,1203,1203,100.6296296,156.5740741,0
0,1204,1204,102.1304348,177.0434783,0
0,1205,1205,101,164.8653846,0
0,1206,1206,99.25373134,144.3134328,0
0,1207,1207,98.88571429,144.5,0
0,1208,1208,100.5471698,161.6792453,0
0,1209,1209,101.6341463,177.6829268,0
0,1210,1210,100.6041667,160.375,0
0,1211,1211,98.98305085,142.7966102,0
0,1212,1212,98.81081081,145.8243243,0
0,1213,1213,101.2,165.5666667,0
0,1214,1214,102.0517241,176.7586207,0
0,1215,1215,100.5192308,155.4807692,0
0,1216,1216,99.03508772,142.1403509,0
0,1217,1217,99.40677966,148.9830508,0
0,1218,1218,101.5714286,170.3095238,0
0,1219,1219,101.7083333,174.8125,0
0,1220,1220,100.1,150.6833333,0
0,1221,1221,98.96666667,141.8666667,0
0,1222,1222,99.67213115,152,0
0,1223,1223,101.74,174.66,0
0,1224,1224,101.1219512,170.9512195,0
0,1225,1225,99.640625,147.203125,0
0,1226,1226,98.71929825,142.6491228,0
0,1227,1227,100.54,155.3,0
0,1228,1228,102.02,176.6,0
0,1229,1229,101.6896552,165.7758621,0
0,1230,1230,99.24,144.84,0
0,1231,1231,98.81012658,143.9493671,0
0,1232,1232,100.5686275,160.1568627,0
0,1233,1233,101.8913043,177.8913043,0
0,1234,1234,100.4782609,161.9565217,0
0,1235,1235,98.98529412,143.3529412,0
0,1236,1236,98.88095238,144.8095238,0
0,1237,1237,100.9833333,164.4166667,0
0,1238,1238,102.0681818,177.5227273,0
0,1239,1239,100.4222222,156.7111111,0
0,1240,1240,98.5,142.8043478,0
0,1241,1241,99.31666667,147.9333333,0
0,1242,1242,101.6122449,168.5714286,0
0,1243,1243,101.9,175.06,0
0,1244,1244,100.1052632,152,0
0,1245,1245,99.04255319,142.5744681,0
0,1246,1246,99.81034483,151.1724138,0
0,1247,1247,101.3414634,173.3170732,0
0,1248,1248,101.3488372,171.8139535,0
0,1249,1249,99.53968254,148.2222222,0
0,1250,1250,98.46875,142.6875,0
0,1251,1251,100.2068966,154.362069,0
0,1252,1252,101.8823529,175.9411765,0
0,1253,1253,101.3214286,167.0892857,0
0,1254,1254,99.44444444,145.375,0
0,1255,1255,98.65671642,143.6567164,0
0,1256,1256,100.5,158.7272727,0
0,1257,1257,101.9111111,177.7111111,0
0,1258,1258,100.877551,163.4693878,0
0,1259,1259,98.58928571,144.1964286,0
0,1260,1260,98.80232558,144.8488372,0
0,1261,1261,101.0535714,164,0
0,1262,1262,101.6458333,177.3958333,0
0,1263,1263,100.75,157.5208333,0
0,1264,1264,98.94339623,142.9056604,0
0,1265,1265,99.41428571,147,0
0,1266,1266,101.5925926,167.4444444,0
0,1267,1267,102.2068966,175.7931034,0
0,1268,1268,100.2545455,153.3090909,0
0,1269,1269,98.74576271,142.2881356,0
0,1270,1270,99.52631579,150.245614,0
0,1271,1271,101.5428571,172.3428571,0
0,1272,1272,101.5227273,173.0681818,0
0,1273,1273,99.73333333,149.6,0
0,1274,1274,98.11864407,142.6271186,0
0,1275,1275,99.57142857,153.6428571,0
0,1276,1276,102.1666667,175.6875,0
0,1277,1277,101.6226415,168.4528302,0
0,1278,1278,99.41269841,145.8095238,0
0,1279,1279,98.72972973,142.9054054,0
0,1280,1280,100.3673469,157.9387755,0
0,1281,1281,101.893617,177.3829787,0
0,1282,1282,101.3392857,164.4821429,0
0,1283,1283,99.19117647,143.9558824,0
0,1284,1284,98.5862069,144.3563218,0
0,1285,1285,100.68,162.8,0
0,1286,1286,101.64,177.5,0
0,1287,1287,100.6530612,159.2244898,0
0,1288,1288,98.75862069,143.1551724,0
0,1289,1289,98.84931507,146.0410959,0
0,1290,1290,101.3584906,166.7358491,0
0,1291,1291,101.8958333,176.6875,0
0,1292,1292,100.3571429,154.5535714,0
0,1293,1293,99.08928571,142.9285714,0
0,1294,1294,99.37704918,149.4098361,0
0,1295,1295,101.5813953,171.6976744,0
0,1296,1296,101.826087,174.6304348,0
0,1297,1297,99.80952381,150.0634921,0
0,1298,1298,98.8490566,142.8490566,0
0,1299,1299,99.75925926,152.5555556,0
0,1300,1300,101.7884615,174.7884615,0
0,1301,1301,101,169.3541667,0
0,1302,1302,99.36923077,147.1230769,0
0,1303,1303,98.5,143.2903226,0
0,1304,1304,100.3617021,156.9361702,0
0,1305,1305,101.8571429,177.1666667,0
0,1306,1306,101.2333333,165.3166667,0
0,1307,1307,99.36619718,144.6619718,0
0,1308,1308,98.92957746,144.5070423,0
0,1309,1309,100.7391304,161.8043478,0
0,1310,1310,102.2653061,177.3265306,0
0,1311,1311,100.9,160.3,0
0,1312,1312,99.08928571,142.9821429,0
0,1313,1313,98.97142857,145.9,0
0,1314,1314,101.0363636,165.7454545,0
0,1315,1315,101.66,177.14,0
0,1316,1316,100.5490196,155.8235294,0
0,1317,1317,98.9,142.3,0
0,1318,1318,99.55555556,148.4603175,0
0,1319,1319,101.5744681,169.4893617,0
0,1320,1320,102,174.9019608,0
0,1321,1321,99.85964912,151.8421053,0
0,1322,1322,98.67346939,142.8367347,0
0,1323,1323,99.42307692,152.1730769,0
0,1324,1324,101.4047619,174.5238095,0
0,1325,1325,101.4390244,171.2682927,0
0,1326,1326,99.63793103,147.9827586,0
0,1327,1327,98.47761194,142.9850746,0
0,1328,1328,100.0204082,155.5510204,0
0,1329,1329,101.84,176.64,0
0,1330,1330,101.3333333,166.4736842,0
0,1331,1331,99.47887324,145.3802817,0
0,1332,1332,98.82432432,144.1486486,0
0,1333,1333,100.66,160,0
0,1334,1334,101.8837209,177.8837209,0
0,1335,1335,101.212766,161.8297872,0
0,1336,1336,99.13432836,143.8955224,0
0,1337,1337,98.83561644,145.4383562,0
0,1338,1338,101.0701754,164.1403509,0
0,1339,1339,102.1555556,177.3111111,0
0,1340,1340,100.6136364,157.2045455,0
0,1341,1341,98.82692308,143.3076923,0
0,1342,1342,99.21311475,147.8688525,0
0,1343,1343,101.2790698,168.3255814,0
0,1344,1344,101.94,175.44,0
0,1345,1345,100.3076923,152.8076923,0
0,1346,1346,99,142.7868852,0
0,1347,1347,99.77419355,150.5806452,0
0,1348,1348,101.625,173.575,0
0,1349,1349,101.5555556,171.9333333,0
0,1350,1350,99.7,149,0
0,1351,1351,98.7,142.9333333,0
0,1352,1352,100.08,154.56,0
0,1353,1353,101.7254902,175.6078431,0
0,1354,1354,101.4038462,167.7884615,0
0,1355,1355,99.75714286,146.0857143,0
0,1356,1356,99.16176471,144.1470588,0
0,1357,1357,100.75,158.7291667,0
0,1358,1358,102.0465116,177.5581395,0
0,1359,1359,101.26,163.58,0
0,1360,1360,99.6056338,144.3802817,0
0,1361,1361,99.04054054,145.4459459,0
0,1362,1362,100.9056604,163.7735849,0
0,1363,1363,102.0487805,177.8292683,0
0,1364,1364,100.5111111,157.9777778,0
0,1365,1365,99.0625,142.71875,0
0,1366,1366,99.13432836,147.4626866,0
0,1367,1367,101.2666667,167.8,0
0,1368,1368,102.0952381,176.3095238,0
0,1369,1369,100.4375,154.0625,0
0,1370,1370,98.78688525,142.5737705,0
0,1371,1371,99.81538462,150.2153846,0
0,1372,1372,101.775,172.425,0
0,1373,1373,102.1818182,173.5454545,0
0,1374,1374,100.0188679,149.8301887,0
0,1375,1375,99.10526316,143.245614,0
0,1376,1376,100.0740741,153.7407407,0
0,1377,1377,101.7758621,175.1724138,0
0,1378,1378,101.74,168.94,0
0,1379,1379,99.5915493,146.4366197,0
0,1380,1380,99.10447761,143.9253731,0
0,1381,1381,100.2708333,157.5208333,0
0,1382,1382,102.2745098,177.3333333,0
0,1383,1383,101.6610169,164.779661,0
0,1384,1384,99.93589744,144.7948718,0
0,1385,1385,99.425,145,0
0,1386,1386,100.98,162.24,0
0,1387,1387,102.5,177.8518519,0
0,1388,1388,100.9111111,159.4888889,0
0,1389,1389,99.32758621,143.8965517,0
0,1390,1390,99.34375,146.875,0
0,1391,1391,101.1052632,166.2982456,0
0,1392,1392,101.9038462,176.6153846,0
0,1393,1393,100.3157895,154.6666667,0
0,1394,1394,98.71698113,142.6792453,0
0,1395,1395,99.44067797,149.6779661,0
0,1396,1396,101.55,170.625,0
0,1397,1397,101.7954545,174.6818182,0
0,1398,1398,100.125,150.8392857,0
0,1399,1399,98.81132075,143.3773585,0
0,1400,1400,100.3214286,152.6964286,0
0,1401,1401,101.8510638,174.5319149,0
0,1402,1402,101.826087,170.0652174,0
0,1403,1403,99.59090909,147.2121212,0
0,1404,1404,99.09677419,143.5,0
0,1405,1405,100.3076923,156.5192308,0
0,1406,1406,101.8695652,176.4347826,0
0,1407,1407,101.0892857,165.3035714,0
0,1408,1408,99.20253165,144.7974684,0
0,1409,1409,98.79104478,144.8955224,0
0,1410,1410,101.0909091,161.6363636,0
0,1411,1411,101.9473684,177.5789474,0
0,1412,1412,101.245283,161.754717,0
0,1413,1413,99.08064516,143.3064516,0
0,1414,1414,99.13432836,146.4776119,0
0,1415,1415,101.3859649,165.245614,0
0,1416,1416,101.8043478,177.2173913,0
0,1417,1417,100.5416667,155.9583333,0
0,1418,1418,98.3015873,142.2698413,0
0,1419,1419,99.33333333,148.9473684,0
0,1420,1420,101.4651163,169.3953488,0
0,1421,1421,101.8913043,175.1521739,0
0,1422,1422,100.2931034,151.7586207,0
0,1423,1423,98.77358491,142.7358491,0
0,1424,1424,100.4716981,152.0754717,0
0,1425,1425,101.8684211,174.0263158,0
0,1426,1426,102.1489362,171.4255319,0
0,1427,1427,100.0344828,148.4482759,0
0,1428,1428,98.65,143.5333333,0
0,1429,1429,100.16,155.58,0
0,1430,1430,102.0227273,176.4545455,0
0,1431,1431,101.56,167.02,0
0,1432,1432,99.50746269,145.238806,0
0,1433,1433,98.68656716,144.1791045,0
0,1434,1434,100.8684211,160.0263158,0
0,1435,1435,102.5384615,177.5769231,0
0,1436,1436,101.2553191,162.5106383,0
0,1437,1437,99.28358209,143.9850746,0
0,1438,1438,99.21917808,145.4246575,0
0,1439,1439,101.2962963,164.2222222,0
0,1440,1440,102.1818182,177.3863636,0
0,1441,1441,100.8235294,157.5098039,0
0,1442,1442,99,142.9636364,0
0,1443,1443,99.16666667,148.0833333,0
0,1444,1444,101.0731707,168.3658537,0
0,1445,1445,101.86,175.82,0
0,1446,1446,100.5714286,153.3265306,0
0,1447,1447,98.31666667,142.8833333,0
0,1448,1448,99.71698113,151.2075472,0
0,1449,1449,101.9318182,173.2727273,0
0,1450,1450,101.6666667,172.6428571,0
0,1451,1451,100.0344828,149.1551724,0
0,1452,1452,98.69642857,143.2321429,0
0,1453,1453,100.38,154.58,0
0,1454,1454,102.2391304,175.6086957,0
0,1455,1455,101.3921569,167.5882353,0
0,1456,1456,99.41791045,146.119403,0
0,1457,1457,98.79365079,144.5079365,0
0,1458,1458,100.4736842,158.5526316,0
0,1459,1459,102.2222222,177.4888889,0
0,1460,1460,101.4230769,164.0384615,0
0,1461,1461,99.35294118,144.5735294,0
0,1462,1462,99.20253165,145.443038,0
0,1463,1463,100.7959184,162.9183673,0
0,1464,1464,102.1395349,177.6046512,0
0,1465,1465,100.7291667,158.1875,0
0,1466,1466,99.14285714,143.1428571,0
0,1467,1467,99.07575758,147.2575758,0
0,1468,1468,100.8958333,167.125,0
0,1469,1469,101.7692308,176.3269231,0
0,1470,1470,100.5185185,153.962963,0
0,1471,1471,99.11538462,142.7307692,0
0,1472,1472,99.71153846,150.5,0
0,1473,1473,101.7209302,171.6046512,0
0,1474,1474,101.5897436,173.5897436,0
0,1475,1475,100.0816327,150.3673469,0
0,1476,1476,98.90909091,143.0727273,0
0,1477,1477,100.0185185,153.8888889,0
0,1478,1478,101.8510638,175.106383,0
0,1479,1479,101.3181818,168.7954545,0
0,1480,1480,99.45901639,146.7704918,0
0,1481,1481,98.42857143,143.4761905,0
0,1482,1482,100.0789474,157.2368421,0
0,1483,1483,102.0714286,177.2619048,0
0,1484,1484,101.5423729,164.4237288,0
0,1485,1485,99.07575758,144.1363636,0
0,1486,1486,98.34666667,144.9066667,0
0,1487,1487,100.6808511,162.1914894,0
0,1488,1488,102.173913,177.5869565,0
0,1489,1489,100.877551,160.4693878,0
0,1490,1490,98.86885246,143.2131148,0
0,1491,1491,98.828125,146.828125,0
0,1492,1492,101.4181818,165.8727273,0
0,1493,1493,102.0980392,176.3921569,0
0,1494,1494,100.3414634,155.195122,0
0,1495,1495,99,142.2075472,0
0,1496,1496,99.11111111,149.0925926,0
0,1497,1497,101.5,170.5277778,0
0,1498,1498,101.5348837,174.627907,0
0,1499,1499,100.0980392,150.8823529,0
0,1500,1500,98.88333333,142.4333333,0
0,1501,1501,99.73469388,152.3265306,0
0,1502,1502,101.9333333,174.5555556,0
0,1503,1503,101.5434783,170.7826087,0
0,1504,1504,99.51923077,147.7307692,0
0,1505,1505,98.68965517,143.4482759,0
0,1506,1506,100.0465116,156.0930233,0
0,1507,1507,102.2368421,176.9210526,0
0,1508,1508,101.1568627,166.1176471,0
0,1509,1509,98.7260274,144.6164384,0
0,1510,1510,98.75714286,144.8142857,0
0,1511,1511,100.5217391,160.6521739,0
0,1512,1512,101.8367347,177.4081633,0
0,1513,1513,101,161.5208333,0
0,1514,1514,98.93650794,143.5079365,0
0,1515,1515,98.66666667,146,0
0,1516,1516,100.88,164.82,0
0,1517,1517,102.1320755,176.6415094,0
0,1518,1518,100.3333333,156.3111111,0
0,1519,1519,98.37037037,142.7222222,0
0,1520,1520,98.88333333,148.65,0
0,1521,1521,101.4468085,168.7446809,0
0,1522,1522,101.4651163,175.0465116,0
0,1523,1523,99.91666667,152.3125,0
0,1524,1524,98.14545455,142.6727273,0
0,1525,1525,99.37037037,151.5,0
0,1526,1526,101.8947368,173.8157895,0
0,1527,1527,101.4418605,171.7209302,0
0,1528,1528,99.61538462,148.5384615,0
0,1529,1529,98.23809524,143.3015873,0
0,1530,1530,99.88095238,155.2619048,0
0,1531,1531,101.9767442,176.1860465,0
0,1532,1532,101.0769231,166.9230769,0
0,1533,1533,98.71641791,145.1343284,0
0,1534,1534,98.2,144.3428571,0
0,1535,1535,100.3170732,159.7073171,0
0,1536,1536,102.0727273,177.4909091,0
0,1537,1537,100.8490566,162.7735849,0
0,1538,1538,98.61971831,143.3943662,0
0,1539,1539,98.88405797,145.6956522,0
0,1540,1540,100.7659574,164.0638298,0
0,1541,1541,102,177.0377358,0
0,1542,1542,100.3414634,157.7073171,0
0,1543,1543,98.57894737,142.9824561,0
0,1544,1544,98.74242424,148.0151515,0
0,1545,1545,101.5,168.0833333,0
0,1546,1546,101.6888889,175.7777778,0
0,1547,1547,99.95918367,153.2244898,0
0,1548,1548,97.79245283,142.509434,0
0,1549,1549,98.92857143,150.3928571,0
0,1550,1550,101.5263158,172.8684211,0
0,1551,1551,101.5681818,173.25,0
0,1552,1552,99.66,149.6,0
0,1553,1553,98.43636364,142.8,0
0,1554,1554,99.87234043,154.106383,0
0,1555,1555,101.8333333,175.4791667,0
0,1556,1556,101.5686275,168.4509804,0
0,1557,1557,99.33333333,146.3809524,0
0,1558,1558,98.83098592,143.8028169,0
0,1559,1559,100.2391304,157.8695652,0
0,1560,1560,102.1388889,177.8333333,0
0,1561,1561,100.9107143,163.5357143,0
0,1562,1562,99.26229508,144.9508197,0
0,1563,1563,98.92682927,144.7560976,0
0,1564,1564,100.6862745,162.6666667,0
0,1565,1565,102.3095238,177.7380952,0
0,1566,1566,100.787234,158.7446809,0
0,1567,1567,99.60714286,143.5535714,0
0,1568,1568,99.16071429,147.1071429,0
0,1569,1569,101.4693878,166.7346939,0
0,1570,1570,101.9787234,176.8510638,0
0,1571,1571,100.5,154.4166667,0
0,1572,1572,99.09259259,143.5925926,0
0,1573,1573,99.33962264,150.1509434,0
0,1574,1574,101.4772727,171.5227273,0
0,1575,1575,101.8837209,174.2790698,0
0,1576,1576,100.0377358,150.3773585,0
0,1577,1577,98.76363636,143.4909091,0
0,1578,1578,99.89130435,153.3695652,0
0,1579,1579,101.8837209,175.2790698,0
0,1580,1580,101.5,169.452381,0
0,1581,1581,99.84615385,147.0769231,0
0,1582,1582,98.88709677,143.9516129,0
0,1583,1583,100.3023256,157.2325581,0
0,1584,1584,102.4042553,177.2978723,0
0,1585,1585,101.0508475,164.7457627,0
0,1586,1586,99.88,144.7333333,0
0,1587,1587,98.6025641,144.9487179,0
0,1588,1588,100.875,161.6041667,0
0,1589,1589,102.097561,177.902439,0
0,1590,1590,100.9318182,160.5454545,0
0,1591,1591,98.71212121,143.5454545,0
0,1592,1592,99.11764706,146.2352941,0
0,1593,1593,101.5471698,165.5660377,0
0,1594,1594,102.509434,176.9811321,0
0,1595,1595,100.8333333,155.7708333,0
0,1596,1596,98.89705882,142.3823529,0
0,1597,1597,99.57142857,149.4897959,0
0,1598,1598,101.75,170.6388889,0
0,1599,1599,102.1,174.88,0
0,1600,1600,100.4528302,151.3396226,0
0,1601,1601,98.59016393,143.1311475,0
0,1602,1602,99.8125,152.625,0
0,1603,1603,101.8947368,174.5,0
0,1604,1604,102.0512821,171.025641,0
0,1605,1605,99.83636364,148,0
0,1606,1606,99,143.1805556,0
0,1607,1607,100.7021277,155.6808511,0
0,1608,1608,102.1176471,177.2647059,0
0,1609,1609,101.2641509,166.3962264,0
0,1610,1610,99.23376623,145.025974,0
0,1611,1611,98.92307692,144.3461538,0
0,1612,1612,100.9090909,160.5909091,0
0,1613,1613,102.2121212,178.4242424,0
0,1614,1614,101.3488372,161.8604651,0
0,1615,1615,99.04285714,143.8142857,0
0,1616,1616,99.34375,146.640625,0
0,1617,1617,101.1851852,164.462963,0
0,1618,1618,102.3863636,177.7727273,0
0,1619,1619,100.8409091,156.7727273,0
0,1620,1620,99.01754386,143.0526316,0
0,1621,1621,99.55932203,148.9491525,0
0,1622,1622,101.4615385,169.1794872,0
0,1623,1623,102.0444444,175.4222222,0
0,1624,1624,100.4347826,153.0434783,0
0,1625,1625,98.78181818,142.8181818,0
0,1626,1626,99.9137931,151.7758621,0
0,1627,1627,101.7647059,173.5882353,0
0,1628,1628,101.9444444,172.1944444,0
0,1629,1629,100.3333333,149.3333333,0
0,1630,1630,98.72307692,143.2153846,0
0,1631,1631,100.3333333,155.0238095,0
0,1632,1632,102.3684211,176.6052632,0
0,1633,1633,101.4791667,167.3125,0
0,1634,1634,100.1971831,146.1830986,0
0,1635,1635,98.73611111,144.0555556,0
0,1636,1636,100.5813953,159.6511628,0
0,1637,1637,101.825,177.95,0
0,1638,1638,101.3673469,163.5102041,0
0,1639,1639,99.46052632,144.1973684,0
0,1640,1640,99.26470588,145.9264706,0
0,1641,1641,101.4363636,164.2909091,0
0,1642,1642,102.0227273,177.6590909,0
0,1643,1643,100.902439,158.2682927,0
0,1644,1644,98.87931034,143.2413793,0
0,1645,1645,99.67272727,148.0545455,0
0,1646,1646,101.8367347,167.7346939,0
0,1647,1647,102.2340426,176.1914894,0
0,1648,1648,100.6734694,153.7346939,0
0,1649,1649,99.14035088,142.4385965,0
0,1650,1650,99.64814815,151.1851852,0
0,1651,1651,101.7142857,172.9142857,0
0,1652,1652,101.8888889,173.1944444,0
0,1653,1653,100.1702128,150.3404255,0
0,1654,1654,99.23809524,143.2380952,0
0,1655,1655,100.2826087,153.9565217,0
0,1656,1656,102.1707317,176,0
0,1657,1657,101.5,168.8,0
0,1658,1658,100.2580645,146.5,0
0,1659,1659,99.01470588,144.0735294,0
0,1660,1660,100.5555556,157.8222222,0
0,1661,1661,102.5744681,177.8297872,0
0,1662,1662,101.0833333,164.625,0
0,1663,1663,99.88607595,144.7341772,0
0,1664,1664,99.34666667,145.24,0
0,1665,1665,100.755102,162.6938776,0
0,1666,1666,101.9318182,177.8863636,0
0,1667,1667,100.6904762,159.7380952,0
0,1668,1668,98.98412698,143.6666667,0
0,1669,1669,99.45614035,147.3508772,0
0,1670,1670,101.2745098,166.627451,0
0,1671,1671,102.2790698,176.7906977,0
0,1672,1672,100.8269231,154.7115385,0
0,1673,1673,99.875,143.0208333,0
0,1674,1674,99.66666667,150.2222222,0
0,1675,1675,101.6129032,171.5483871,0
0,1676,1676,101.6190476,174.2380952,0
0,1677,1677,100.3541667,151.3125,0
0,1678,1678,98.82352941,143,0
0,1679,1679,99.93333333,153.2222222,0
0,1680,1680,101.7368421,175.2894737,0
0,1681,1681,101.4047619,169.6428571,0
0,1682,1682,100.2372881,147.559322,0
0,1683,1683,98.98529412,143.8970588,0
0,1684,1684,100.9583333,157.0416667,0
0,1685,1685,102.0540541,177.027027,0
0,1686,1686,101.4693878,165.2857143,0
0,1687,1687,99.90540541,144.8513514,0
0,1688,1688,99.93333333,144.88,0
0,1689,1689,100.75,161.7916667,0
0,1690,1690,102.025641,178.1282051,0
0,1691,1691,101.1707317,161.4634146,0
0,1692,1692,99.62686567,143.6119403,0
0,1693,1693,99.69491525,146.6610169,0
0,1694,1694,101.1764706,165.8627451,0
0,1695,1695,102.0851064,176.9361702,0
0,1696,1696,100.6444444,155.5555556,0
0,1697,1697,98.98412698,142.8571429,0
0,1698,1698,99.54716981,149.4716981,0
0,1699,1699,101.627907,169.9767442,0
0,1700,1700,102.175,175.05,0
0,1701,1701,100.3728814,151.3220339,0
0,1702,1702,99.21568627,143.0196078,0
0,1703,1703,99.82222222,152.3333333,0
0,1704,1704,102.0263158,174.1315789,0
0,1705,1705,101.8378378,171.1351351,0
0,1706,1706,99.95744681,148.3191489,0
0,1707,1707,98.48333333,143.1666667,0
0,1708,1708,100.1860465,155.7674419,0
0,1709,1709,102.3170732,176.8536585,0
0,1710,1710,101.745098,166.6470588,0
0,1711,1711,99.68115942,145.3623188,0
0,1712,1712,99.06060606,144.4242424,0
0,1713,1713,100.8666667,160.8,0
0,1714,1714,101.925,177.825,0
0,1715,1715,100.9545455,162.6590909,0
0,1716,1716,99.01587302,144.3492063,0
0,1717,1717,99.21875,145.96875,0
0,1718,1718,100.8301887,164.4150943,0
0,1719,1719,102.2352941,177.6470588,0
0,1720,1720,100.8372093,156.8604651,0
0,1721,1721,98.98245614,143.6140351,0
0,1722,1722,99.34693878,148.4285714,0
0,1723,1723,101.4634146,168.804878,0
0,1724,1724,102.05,175.625,0
0,1725,1725,100.3636364,152.7727273,0
0,1726,1726,99.19298246,143.5614035,0
0,1727,1727,99.93617021,151.2978723,0
0,1728,1728,101.6666667,173.4358974,0
0,1729,1729,101.6153846,172.4358974,0
0,1730,1730,99.88461538,149.0961538,0
0,1731,1731,98.98333333,143.7666667,0
0,1732,1732,100.3409091,154.9545455,0
0,1733,1733,101.9318182,176.25,0
0,1734,1734,101.9333333,167.9777778,0
0,1735,1735,99.53731343,146.0597015,0
0,1736,1736,99.6984127,143.984127,0
0,1737,1737,100.627907,159.0465116,0
0,1738,1738,102.2,177.925,0
0,1739,1739,101.4285714,163.6785714,0
0,1740,1740,99.11864407,144.4576271,0
0,1741,1741,99.390625,145.640625,0
0,1742,1742,101.122449,163.5510204,0
0,1743,1743,102,177.7105263,0
0,1744,1744,101.0238095,158.4761905,0
0,1745,1745,99.07692308,143.4615385,0
0,1746,1746,99.34042553,147.893617,0
0,1747,1747,101.6590909,167.6590909,0
0,1748,1748,101.975,176.3,0
0,1749,1749,100.4680851,153.8723404,0
0,1750,1750,99.15555556,142.7333333,0
0,1751,1751,100.0212766,150.6595745,0
0,1752,1752,101.8108108,171.7297297,0
0,1753,1753,101.8918919,173.5135135,0
0,1754,1754,99.87804878,150.195122,0
0,1755,1755,98.8,142.96,0
0,1756,1756,99.94230769,153.7115385,0
0,1757,1757,102.075,175.575,0
0,1758,1758,101.4545455,168.75,0
0,1759,1759,99.38596491,146.2807018,0
0,1760,1760,98.96551724,143.9310345,0
0,1761,1761,100.725,157.4,0
0,1762,1762,102.2826087,177.2391304,0
0,1763,1763,101.6730769,164.5576923,0
0,1764,1764,99.34482759,144.7931034,0
0,1765,1765,99.17741935,145.0967742,0
0,1766,1766,100.974359,162.6666667,0
0,1767,1767,101.9189189,178.1621622,0
0,1768,1768,100.7755102,160.1428571,0
0,1769,1769,99.05357143,143.5,0
0,1770,1770,99.04166667,146.5208333,0
0,1771,1771,100.8367347,166.1428571,0
0,1772,1772,101.8888889,176.8888889,0
0,1773,1773,100.4468085,154.9361702,0
0,1774,1774,99.33898305,142.4576271,0
0,1775,1775,100,149.5,0
0,1776,1776,101.625,170.625,0
0,1777,1777,102.225,174.5,0
0,1778,1778,100,151.0909091,0
0,1779,1779,98.2195122,143.0731707,0
0,1780,1780,100.06,152.54,0
0,1781,1781,101.4615385,174.7179487,0
0,1782,1782,101.6764706,170.2352941,0
0,1783,1783,99.5,147.75,0
0,1784,1784,98.77586207,143.5862069,0
0,1785,1785,100.372093,156.5116279,0
0,1786,1786,101.8888889,176.4444444,0
0,1787,1787,101.1132075,165.3018868,0
0,1788,1788,99.34375,145.109375,0
0,1789,1789,98.87037037,145.3518519,0
0,1790,1790,100.8918919,161.3783784,0
0,1791,1791,101.8095238,177.7142857,0
0,1792,1792,100.5681818,160.8863636,0
0,1793,1793,99.15384615,143.5769231,0
0,1794,1794,99.4893617,146.4893617,0
0,1795,1795,100.9,165.34,0
0,1796,1796,101.8095238,176.9285714,0
0,1797,1797,100.5641026,156.1282051,0
0,1798,1798,99.35416667,142.9375,0
0,1799,1799,99.72,148.68,0
0,1800,1800,101.5238095,169.5714286,0
0,1801,1801,101.893617,175.1914894,0
0,1802,1802,100.1875,152.1041667,0
0,1803,1803,98.7254902,142.9215686,0
0,1804,1804,99.85416667,152.0208333,0
0,1805,1805,101.275,174.2,0
0,1806,1806,101.4864865,171.3513514,0
0,1807,1807,99.56521739,148.326087,0
0,1808,1808,98.46551724,143.3448276,0
0,1809,1809,100.1904762,155.4761905,0
0,1810,1810,102.1388889,176.3888889,0
0,1811,1811,101.0204082,166.6122449,0
0,1812,1812,99.01639344,145.557377,0
0,1813,1813,98.78947368,144.2982456,0
0,1814,1814,100.6923077,160.025641,0
0,1815,1815,102.3,177.725,0
0,1816,1816,100.7142857,162.547619,0
0,1817,1817,98.98245614,144.1403509,0
0,1818,1818,99.01886792,146.0566038,0
0,1819,1819,100.9056604,164.3584906,0
0,1820,1820,102.0952381,177.6190476,0
0,1821,1821,100.2439024,157.2439024,0
0,1822,1822,99.16326531,143,0
0,1823,1823,99.21276596,148.1702128,0
0,1824,1824,101.225,168.55,0
0,1825,1825,102.1428571,176.047619,0
0,1826,1826,100.6590909,153.2272727,0
0,1827,1827,100.0232558,149.5813953,0
0,1828,1828,99.05882353,143.2941176,0
0,1829,1829,99.93478261,153.9347826,0
0,1830,1830,99.125,144.9583333,0
0,1831,1831,100.5641026,158.4358974,0
0,1832,1832,102.1794872,177.5384615,0
0,1833,1833,101.0212766,163.893617,0
0,1834,1834,99.29310345,144.8103448,0
0,1835,1835,98.9,145.3333333,0
0,1836,1836,101.0444444,163.3555556,0
0,1837,1837,102.1621622,177.9189189,0
0,1838,1838,100.6944444,158.5555556,0
0,1839,1839,99.34883721,143.8837209,0
0,1840,1840,99.35897436,147.3333333,0
0,1841,1841,101.3181818,167.0909091,0
0,1842,1842,102.0212766,176.106383,0
0,1843,1843,100.5641026,154.3846154,0
0,1844,1844,99.33333333,143.5128205,0
0,1845,1845,99.91304348,150.4782609,0
0,1846,1846,101.6666667,171.8333333,0
0,1847,1847,102.1388889,174,0
0,1848,1848,100.5555556,150.4222222,0
0,1849,1849,99.33333333,143.6888889,0
0,1850,1850,100.3414634,153.5365854,0
0,1851,1851,101.8536585,175.3170732,0
0,1852,1852,101.6764706,169.9117647,0
0,1853,1853,100,147.125,0
0,1854,1854,99.1372549,144.5098039,0
0,1855,1855,100.9459459,157.5945946,0
0,1856,1856,102.2162162,177.4324324,0
0,1857,1857,101.3333333,164.9047619,0
0,1858,1858,99.5,144.9137931,0
0,1859,1859,99.78571429,145.3392857,0
0,1860,1860,99.5,143.5740741,0
0,1861,1861,100.3846154,155.8974359,0
0,1862,1862,102.1702128,176.8510638,0
0,1863,1863,101.575,166.6,0
0,1864,1864,100.0416667,145.1388889,0
0,1865,1865,99.42253521,144.7183099,0
0,1866,1866,100.8857143,160.8285714,0
0,1867,1867,102.4489796,177.7346939,0
0,1868,1868,101.2564103,162.1025641,0
0,1869,1869,99.81666667,143.9,0
0,1870,1870,99.31578947,146.0175439,0
0,1871,1871,101.2777778,164.7407407,0
0,1872,1872,101.7674419,177.2790698,0
0,1873,1873,100.6333333,157.1,0
0,1874,1874,99.26086957,143.3913043,0
0,1875,1875,99.60465116,149.2093023,0
0,1876,1876,101.7179487,169.3589744,0
0,1877,1877,101.8409091,175.3636364,0
0,1878,1878,100.4054054,152.8108108,0
0,1879,1879,99.7755102,143.7959184,0
0,1880,1880,100.4102564,151.6923077,0
0,1881,1881,102.2,173.7111111,0
0,1882,1882,101.6744186,171.8604651,0
0,1883,1883,99.875,149.075,0
0,1884,1884,99.6,143.6,0
0,1885,1885,100.3888889,155.5277778,0
0,1886,1886,101.88,175.96,0
0,1887,1887,101.6734694,167.3469388,0
0,1888,1888,99.57575758,145.6969697,0
0,1889,1889,99.3030303,144.1818182,0
0,1890,1890,100.8571429,160.0285714,0
0,1891,1891,102.3617021,177.6595745,0
0,1892,1892,101.5319149,162.9148936,0
0,1893,1893,99.69230769,144.4461538,0
0,1894,1894,99.13207547,146.3962264,0
0,1895,1895,101.326087,163.8913043,0
0,1896,1896,101.95,177.825,0
0,1897,1897,101.0526316,157.7894737,0
0,1898,1898,99.16666667,143.2407407,0
0,1899,1899,99.73333333,148.4,0
0,1900,1900,101.5660377,168.0188679,0
0,1901,1901,101.9318182,176.0227273,0
0,1902,1902,100.8285714,153.4,0
0,1903,1903,99,143.372093,0
0,1904,1904,100.5,151.3095238,0
0,1905,1905,101.9069767,172.4186047,0
0,1906,1906,101.7714286,173.4285714,0
0,1907,1907,100.6341463,149.804878,0
0,1908,1908,99.38297872,143.3829787,0
0,1909,1909,100.3636364,154.1590909,0
0,1910,1910,102.0465116,175.6744186,0
0,1911,1911,101.525,168.825,0
0,1912,1912,99.35416667,146.6458333,0
0,1913,1913,99.01666667,144.45,0
0,1914,1914,100.5806452,158.2580645,0
0,1915,1915,102.3488372,177.3953488,0
0,1916,1916,101.1904762,163.952381,0
0,1917,1917,99.53731343,144.5970149,0
0,1918,1918,98.94117647,146.0784314,0
0,1919,1919,101.0851064,162.9574468,0
0,1920,1920,101.952381,177.5,0
0,1921,1921,100.9189189,159.6756757,0
0,1922,1922,99.49090909,143.6909091,0
0,1923,1923,99.92857143,147.6904762,0
0,1924,1924,101,166.5,0
0,1925,1925,102,176.1555556,0
0,1926,1926,100.75,154.425,0
0,1927,1927,99.11904762,143.0952381,0
0,1928,1928,100.2051282,150.3076923,0
0,1929,1929,101.4444444,171.4166667,0
0,1930,1930,101.4594595,173.972973,0
0,1931,1931,100.3170732,150.8292683,0
0,1932,1932,99.11111111,142.8666667,0
0,1933,1933,100.4418605,153.4418605,0
0,1934,1934,101.6,175.1142857,0
0,1935,1935,101.1315789,169.7631579,0
0,1936,1936,99.82608696,147.3695652,0
0,1937,1937,98.29090909,143.6,0
0,1938,1938,100.3,156.95,0
0,1939,1939,101.3333333,177.3888889,0
0,1940,1940,101.02,165.12,0
0,1941,1941,98.81355932,144.6271186,0
0,1942,1942,98.75806452,144.5967742,0
0,1943,1943,100.6,161.6444444,0
0,1944,1944,102.2666667,177.9111111,0
0,1945,1945,100.875,161,0
0,1946,1946,98.36,143.44,0
0,1947,1947,99.5106383,146.3191489,0
0,1948,1948,101.0588235,165.9411765,0
0,1949,1949,101.8666667,176.7111111,0
0,1950,1950,100.5,155.4,0
0,1951,1951,99.14,142.72,0
0,1952,1952,99.75,149.3636364,0
0,1953,1953,101.4042553,169.7446809,0
0,1954,1954,101.5853659,174.4878049,0
0,1955,1955,100.4444444,151.3333333,0
0,1956,1956,98.93023256,142.3953488,0
0,1957,1957,100.0731707,152.5365854,0
0,1958,1958,101.5,174.1875,0
0,1959,1959,101.3611111,171.1944444,0
0,1960,1960,99.84444444,148.1777778,0
0,1961,1961,98.4,143.42,0
0,1962,1962,100.325,155.875,0
0,1963,1963,101.5135135,176.8918919,0
0,1964,1964,101.1272727,166.5090909,0
0,1965,1965,99.31481481,145.4444444,0
0,1966,1966,98.70175439,144.4912281,0
0,1967,1967,100.2857143,159.952381,0
0,1968,1968,102.2244898,177.3673469,0
0,1969,1969,101.1428571,162.1428571,0
0,1970,1970,99.44897959,144.122449,0
0,1971,1971,99.51851852,146,0
0,1972,1972,101.0625,164.7291667,0
0,1973,1973,101.8,176.95,0
0,1974,1974,100.7777778,156.7555556,0
0,1975,1975,99,143.6764706,0
0,1976,1976,99.6097561,148.4390244,0
0,1977,1977,101.255814,168.4883721,0
0,1978,1978,101.4722222,175.3611111,0
0,1979,1979,100.1777778,152.3777778,0
0,1980,1980,98.7,143.7,0
0,1981,1981,99.82978723,151.4042553,0
0,1982,1982,101.5135135,173.1891892,0
0,1983,1983,101.4285714,172.0357143,0
0,1984,1984,100.5121951,149.195122,0
0,1985,1985,99.50909091,143.5636364,0
0,1986,1986,100.2702703,154.8378378,0
0,1987,1987,101.8478261,175.8478261,0
0,1988,1988,101.5208333,167.375,0
0,1989,1989,99.80357143,146.1071429,0
0,1990,1990,99.45,144.1833333,0
0,1991,1991,100.5757576,158.7878788,0
0,1992,1992,101.5652174,177.1956522,0
0,1993,1993,101.0909091,163.5454545,0
0,1994,1994,99.56,144.5,0
0,1995,1995,99.46551724,145.637931,0
0,1996,1996,101.3829787,163.787234,0
0,1997,1997,102.212766,177.212766,0
0,1998,1998,100.9230769,158.025641,0
0,1999,1999,99.71111111,143.4222222,0
0,2000,2000,99.85714286,147.8333333,0
0,2001,2001,101.4130435,167.6086957,0
0,2002,2002,101.8292683,176.0487805,0
0,2003,2003,100.6530612,153.7142857,0
0,2004,2004,99.39130435,142.9782609,0
0,2005,2005,99.70212766,150.4680851,0
0,2006,2006,101.8636364,172.1818182,0
0,2007,2007,101.7142857,173.2571429,0
0,2008,2008,100.3181818,150.25,0
0,2009,2009,99.625,143.5625,0
0,2010,2010,100.6585366,153.7073171,0
0,2011,2011,102.3181818,175.3863636,0
0,2012,2012,101.7317073,168.7073171,0
0,2013,2013,100.0181818,146.4909091,0
0,2014,2014,99,143.983871,0
0,2015,2015,100.5,157.5,0
0,2016,2016,101.8222222,177.0444444,0
0,2017,2017,101.6666667,164.7843137,0
0,2018,2018,99.8,144.35,0
0,2019,2019,99.57971014,144.5507246,0
0,2020,2020,101.2380952,162.547619,0
0,2021,2021,102,178.0769231,0
0,2022,2022,101.3333333,159.8717949,0
0,2023,2023,99.77777778,143.5555556,0
0,2024,2024,99.66666667,147.5714286,0
0,2025,2025,101.3888889,166.1851852,0
0,2026,2026,101.8636364,176.6818182,0
0,2027,2027,100.9047619,154.9047619,0
0,2028,2028,99.41666667,142.75,0
0,2029,2029,99.97368421,150.6052632,0
0,2030,2030,101.372093,170.6511628,0
0,2031,2031,101.5609756,174.1219512,0
0,2032,2032,100.7916667,150.9791667,0
0,2033,2033,99.48979592,143.0204082,0
0,2034,2034,100.6530612,153.1020408,0
0,2035,2035,101.7021277,174.7021277,0
0,2036,2036,101.6756757,170.1621622,0
0,2037,2037,100.2285714,148,0
0,2038,2038,99.72727273,144.4318182,0
0,2039,2039,100.7105263,156.6052632,0
0,2040,2040,101.8888889,176.8888889,0
0,2041,2041,101.2962963,165.5185185,0
0,2042,2042,100.2765957,145.3404255,0
0,2043,2043,100.3529412,145.1764706,0
0,2044,2044,101.2439024,161.4146341,0
0,2045,2045,101.8297872,177.8085106,0
0,2046,2046,101.4444444,161.7555556,0
0,2047,2047,100.2,144.6444444,0
0,2048,2048,100.1086957,147.173913,0
0,2049,2049,101.6875,165.4583333,0
0,2050,2050,102.3617021,177.1914894,0
0,2051,2051,101.2051282,156.2051282,0
0,2052,2052,100.2325581,143.255814,0
0,2053,2053,100.3095238,149.4761905,0
0,2054,2054,101.375,169.675,0
0,2055,2055,101.8510638,174.893617,0
0,2056,2056,100.8139535,152.1860465,0
0,2057,2057,99,143.2702703,0
0,2058,2058,100.547619,152.4285714,0
0,2059,2059,101.7708333,174.0416667,0
0,2060,2060,101.8285714,171.8,0
0,2061,2061,100.525,148.75,0
0,2062,2062,100,144.3947368,0
0,2063,2063,101.1395349,155.5116279,0
0,2064,2064,102.16,176.26,0
0,2065,2065,101.88,166.74,0
0,2066,2066,100.4,146.2444444,0
0,2067,2067,99.55555556,144.5740741,0
0,2068,2068,100.7027027,160,0
0,2069,2069,102,177.5555556,0
0,2070,2070,101.3095238,162.7142857,0
0,2071,2071,100.3043478,144.5,0
0,2072,2072,99.60377358,146.0754717,0
0,2073,2073,101.2653061,164.3673469,0
0,2074,2074,102.0465116,177.4883721,0
0,2075,2075,101.1578947,157.7105263,0
0,2076,2076,100.25,143.4772727,0
0,2077,2077,100.1590909,148.6136364,0
0,2078,2078,101.5853659,168.7804878,0
0,2079,2079,101.8666667,175.7111111,0
0,2080,2080,100.972973,153.3243243,0
0,2081,2081,100.1333333,143.2666667,0
0,2082,2082,100.5909091,151.3636364,0
0,2083,2083,101.804878,172.9512195,0
0,2084,2084,101.9142857,172.7714286,0
0,2085,2085,100.4047619,149.5,0
0,2086,2086,100.1818182,143.6818182,0
0,2087,2087,100.9183673,154.6326531,0
0,2088,2088,102.2765957,175.5957447,0
0,2089,2089,101.7962963,167.7037037,0
0,2090,2090,100.3414634,146.5853659,0
0,2091,2091,100.0434783,144.7173913,0
0,2092,2092,100.8333333,158.6666667,0
0,2093,2093,102.2765957,177.2978723,0
0,2094,2094,101.4166667,163.8541667,0
0,2095,2095,100.2040816,144.6734694,0
0,2096,2096,99.62,146,0
0,2097,2097,101.3653846,163.4615385,0
0,2098,2098,102.1463415,177.5365854,0
0,2099,2099,101.2564103,158.7435897,0
0,2100,2100,99.91428571,144,0
0,2101,2101,100.2727273,147.7954545,0
0,2102,2102,101.8823529,167.3921569,0
0,2103,2103,102.0212766,176.106383,0
0,2104,2104,100.6052632,154.2631579,0
0,2105,2105,99.56097561,143.2682927,0
0,2106,2106,100.1860465,150.2325581,0
0,2107,2107,101.8461538,171.8205128,0
0,2108,2108,101.6585366,173.9756098,0
0,2109,2109,100.4102564,150.0512821,0
0,2110,2110,99.43396226,142.7924528,0
0,2111,2111,100.6,153.5555556,0
0,2112,2112,102.1176471,175.2352941,0
0,2113,2113,101.9459459,169.2432432,0
0,2114,2114,100.0238095,147.0952381,0
0,2115,2115,99.44444444,144.1333333,0
0,2116,2116,100.9268293,156.9756098,0
0,2117,2117,102.52,177.44,0
0,2118,2118,101.5744681,164.7021277,0
0,2119,2119,99.6875,144.4583333,0
0,2120,2120,98.98,144.94,0
0,2121,2121,101.0625,162.375,0
0,2122,2122,101.804878,178.0243902,0
0,2123,2123,100.8888889,160.6666667,0
0,2124,2124,99.78571429,144,0
0,2125,2125,99.75555556,147.3333333,0
0,2126,2126,101.779661,165.440678,0
0,2127,2127,101.8888889,176.8666667,0
0,2128,2128,100.4285714,155.4,0
0,2129,2129,99.04166667,142.1458333,0
0,2130,2130,99.94871795,149.7435897,0
0,2131,2131,101.4878049,170.804878,0
0,2132,2132,101.4871795,174.7692308,0
0,2133,2133,100.3902439,151.1707317,0
0,2134,2134,99.46808511,142.6170213,0
0,2135,2135,100.1363636,152.9090909,0
0,2136,2136,101.6410256,174.5384615,0
0,2137,2137,101.8235294,170.5294118,0
0,2138,2138,100.2045455,148.1136364,0
0,2139,2139,99.80952381,143.8571429,0
0,2140,2140,101.15,156.225,0
0,2141,2141,102.3958333,176.5833333,0
0,2142,2142,101.3555556,165.8,0
0,2143,2143,100.1886792,145,0
0,2144,2144,99.98113208,144.9056604,0
0,2145,2145,100.9230769,161.0769231,0
0,2146,2146,102,177.7027027,0
0,2147,2147,101.0697674,161.627907,0
0,2148,2148,99.4,143.78,0
0,2149,2149,100.1132075,146.2830189,0
0,2150,2150,101.1851852,164.8333333,0
0,2151,2151,102.1,176.9,0
0,2152,2152,101,156.1081081,0
0,2153,2153,99.71794872,142.8461538,0
0,2154,2154,100.1136364,149.0227273,0
0,2155,2155,101.2926829,169.3902439,0
0,2156,2156,101.7142857,175.4285714,0
0,2157,2157,100.1578947,152.3421053,0
0,2158,2158,99.3255814,143.1162791,0
0,2159,2159,100.2045455,152.0454545,0
0,2160,2160,101.7,173.75,0
0,2161,2161,101.5238095,171.6904762,0
0,2162,2162,100,148.6923077,0
0,2163,2163,99.88571429,143.5714286,0
0,2164,2164,100.7073171,155.1707317,0
0,2165,2165,102.5,176.5416667,0
0,2166,2166,101.3181818,167.3181818,0
0,2167,2167,100.0384615,145.7884615,0
0,2168,2168,99.72222222,144.3703704,0
0,2169,2169,100.7777778,159.9166667,0
0,2170,2170,102.1153846,177.5769231,0
0,2171,2171,100.9787234,162.8297872,0
0,2172,2172,99.6875,144.0833333,0
0,2173,2173,99.22807018,145.6315789,0
0,2174,2174,101.0652174,164.0434783,0
0,2175,2175,102.097561,177.8536585,0
0,2176,2176,101.2432432,157.8918919,0
0,2177,2177,99.92105263,142.6578947,0
0,2178,2178,99.8974359,148.4358974,0
0,2179,2179,101.4651163,168.3488372,0
0,2180,2180,102.1333333,176.2222222,0
0,2181,2181,100.6829268,153.5365854,0
0,2182,2182,99.51162791,142.7674419,0
0,2183,2183,100.3023256,150.7674419,0
0,2184,2184,101.2380952,172.3333333,0
0,2185,2185,101.4358974,172.9487179,0
0,2186,2186,100.3243243,149.7837838,0
0,2187,2187,99.425,143.425,0
0,2188,2188,100.8095238,154.1428571,0
0,2189,2189,102.4576271,175.6271186,0
0,2190,2190,102.08,168.6,0
0,2191,2191,100.4339623,146.4716981,0
0,2192,2192,99.87179487,144.7435897,0
0,2193,2193,101,158.5,0
0,2194,2194,101.8,177.475,0
0,2195,2195,101.106383,163.8297872,0
0,2196,2196,100.1020408,144.5510204,0
0,2197,2197,100.1929825,145.0175439,0
0,2198,2198,101.326087,162.8913043,0
0,2199,2199,102.0930233,177.6744186,0
0,2200,2200,100.8648649,159.6486486,0
0,2201,2201,99.5,143.5909091,0
0,2202,2202,100.6052632,148.1578947,0
0,2203,2203,101.875,167.1785714,0
0,2204,2204,102.2264151,176.3207547,0
0,2205,2205,100.9189189,154.5135135,0
0,2206,2206,100.1428571,143,0
0,2207,2207,100.5,150.5555556,0
0,2208,2208,101.6,171.25,0
0,2209,2209,101.25,174.0833333,0
0,2210,2210,100.5128205,150.6410256,0
0,2211,2211,99.73529412,143.7647059,0
0,2212,2212,100.7333333,153.5333333,0
0,2213,2213,102.0222222,175.2888889,0
0,2214,2214,101.6829268,169.9268293,0
0,2215,2215,100.1777778,147.3333333,0
0,2216,2216,100.0227273,144.2045455,0
0,2217,2217,101.047619,156.9761905,0
0,2218,2218,102.625,176.7916667,0
0,2219,2219,101.3469388,164.755102,0
0,2220,2220,100.2553191,145.1489362,0
0,2221,2221,99.96153846,145.0576923,0
0,2222,2222,101.0625,161.7291667,0
0,2223,2223,102.2444444,178.0444444,0
0,2224,2224,101.1627907,161.0697674,0
0,2225,2225,100.1521739,143.7391304,0
0,2226,2226,100.0701754,146.754386,0
0,2227,2227,101.5925926,165.5740741,0
0,2228,2228,101.9787234,176.8510638,0
0,2229,2229,100.7948718,155.7948718,0
0,2230,2230,99.91111111,142.9333333,0
0,2231,2231,100.1304348,149.4130435,0
0,2232,2232,101.5897436,170.1794872,0
0,2233,2233,101.9347826,175,0
0,2234,2234,100.4871795,152.1025641,0
0,2235,2235,99.54545455,143.969697,0
0,2236,2236,100.2272727,153,0
0,2237,2237,101.6222222,174.3777778,0
0,2238,2238,101.7555556,171.1333333,0
0,2239,2239,100.4615385,148.3589744,0
0,2240,2240,99.8974359,144.1025641,0
0,2241,2241,100.8055556,155.7777778,0
0,2242,2242,101.7333333,176.4666667,0
0,2243,2243,101.4423077,166.0769231,0
0,2244,2244,100.0212766,145.3617021,0
0,2245,2245,100.2711864,144.5932203,0
0,2246,2246,101.1904762,160.6666667,0
0,2247,2247,102.0217391,177.9130435,0
0,2248,2248,101.2954545,162.1363636,0
0,2249,2249,100.3469388,144.2244898,0
0,2250,2250,100.4489796,146.2653061,0
0,2251,2251,101.2931034,164.3275862,0
0,2252,2252,101.9047619,177.3571429,0
0,2253,2253,100.9459459,156.5945946,0
0,2254,2254,100.3555556,142.9111111,0
0,2255,2255,100.4565217,148.6304348,0
0,2256,2256,101.8636364,168.5909091,0
0,2257,2257,101.9574468,175.5744681,0
0,2258,2258,100.8095238,153.1428571,0
0,2259,2259,100.195122,142.9268293,0
0,2260,2260,100.5,151.7916667,0
0,2261,2261,101.8666667,173.4666667,0
0,2262,2262,101.6097561,172.3170732,0
0,2263,2263,99.97777778,148.7777778,0
0,2264,2264,99.55813953,143.6046512,0
0,2265,2265,100.75,154.7291667,0
0,2266,2266,102.0819672,175.557377,0
0,2267,2267,101.5,167.2678571,0
0,2268,2268,100.7457627,145.8813559,0
0,2269,2269,99.90566038,144.3396226,0
0,2270,2270,101.3555556,158.8888889,0
0,2271,2271,101.9166667,177.5208333,0
0,2272,2272,101.5581395,163.372093,0
0,2273,2273,100.2222222,144,0
0,2274,2274,99.89473684,145.6666667,0
0,2275,2275,101.5185185,163.2962963,0
0,2276,2276,101.8913043,177.6304348,0
0,2277,2277,100.8285714,158.2857143,0
0,2278,2278,99.72727273,142.9090909,0
0,2279,2279,99.93877551,147.7346939,0
0,2280,2280,101.8148148,167.2037037,0
0,2281,2281,102.16,176.26,0
0,2282,2282,100.7291667,153.6458333,0
0,2283,2283,99.70731707,143.4878049,0
0,2284,2284,100.8095238,150.9285714,0
0,2285,2285,101.9215686,172.0784314,0
0,2286,2286,101.7948718,173.4358974,0
0,2287,2287,100.2857143,150.1632653,0
0,2288,2288,99.91304348,142.8695652,0
0,2289,2289,100.5869565,153.5434783,0
0,2290,2290,101.5357143,174.8571429,0
0,2291,2291,101.4047619,168.8333333,0
0,2292,2292,100.1568627,146.7843137,0
0,2293,2293,100.4098361,144.1147541,0
0,2294,2294,100.975,157.975,0
0,2295,2295,102.1,177.24,0
0,2296,2296,101.9038462,164.1730769,0
0,2297,2297,100.6071429,144.7857143,0
0,2298,2298,100.8135593,145.3220339,0
0,2299,2299,101.4310345,162.2586207,0
0,2300,2300,101.7916667,177.5,0
0,2301,2301,101.1111111,159.7222222,0
0,2302,2302,100.3043478,143.3478261,0
0,2303,2303,100.3333333,147.4761905,0
0,2304,2304,101.2833333,166.1833333,0
0,2305,2305,102.122449,176.4693878,0
0,2306,2306,100.9210526,155.1052632,0
0,2307,2307,100.5526316,143.1578947,0
0,2308,2308,100.754717,149.8113208,0
0,2309,2309,101.9130435,170.8913043,0
0,2310,2310,101.8913043,174.326087,0
0,2311,2311,100.5238095,150.8095238,0
0,2312,2312,100.875,143.375,0
0,2313,2313,100.9130435,153.173913,0
0,2314,2314,101.6612903,174.6290323,0
0,2315,2315,101.175,169.9,0
0,2316,2316,100.0869565,147.5,0
0,2317,2317,100.5714286,144.0952381,0
0,2318,2318,100.9787234,156.9361702,0
0,2319,2319,102.04,176.92,0
0,2320,2320,101.2340426,165.5744681,0
0,2321,2321,100.8461538,145.2115385,0
0,2322,2322,100.7166667,144.85,0
0,2323,2323,101.5957447,161.7021277,0
0,2324,2324,102.0625,177.625,0
0,2325,2325,100.9767442,160.9302326,0
0,2326,2326,100.2857143,143.7619048,0
0,2327,2327,100.3921569,146.4509804,0
0,2328,2328,101.7333333,165.1,0
0,2329,2329,102.0188679,177.1132075,0
0,2330,2330,101.2272727,156.0909091,0
0,2331,2331,101.3888889,143.3888889,0
0,2332,2332,101.1041667,149.2083333,0
0,2333,2333,101.9607843,169.2745098,0
0,2334,2334,102.2142857,175.0535714,0
0,2335,2335,100.9019608,151.9803922,0
0,2336,2336,100.84375,143.5625,0
0,2337,2337,100.9795918,152.2653061,0
0,2338,2338,101.5625,174.0833333,0
0,2339,2339,101.1388889,171.4444444,0
0,2340,2340,100.9565217,148.9130435,0
0,2341,2341,100.5909091,144,0
0,2342,2342,100.7619048,155.5238095,0
0,2343,2343,102.5925926,176.4814815,0
0,2344,2344,101.4634146,167.097561,0
0,2345,2345,100.9787234,145.8510638,0
0,2346,2346,100.5714286,144.6607143,0
0,2347,2347,101.4042553,159.787234,0
0,2348,2348,102.3,177.74,0
0,2349,2349,101.0612245,162.4897959,0
0,2350,2350,100.5882353,144.4901961,0
0,2351,2351,100.6111111,146.4814815,0
0,2352,2352,101.7818182,164.2909091,0
0,2353,2353,101.9019608,177.1568627,0
0,2354,2354,101.255814,157.1860465,0
0,2355,2355,101.1034483,143.7931034,0
0,2356,2356,100.9574468,148.7659574,0
0,2357,2357,101.7173913,168.4130435,0
0,2358,2358,102.2542373,175.4237288,0
0,2359,2359,101.2156863,153.0588235,0
0,2360,2360,101.4166667,143.3055556,0
0,2361,2361,101.1276596,151.7659574,0
0,2362,2362,101.9423077,172.75,0
0,2363,2363,101.6904762,172.952381,0
0,2364,2364,100.8571429,149.4489796,0
0,2365,2365,101.2571429,143.8,0
0,2366,2366,101.5,154.48,0
0,2367,2367,101.8928571,175.8571429,0
0,2368,2368,101.2439024,168.0243902,0
0,2369,2369,100.8541667,146.5625,0
0,2370,2370,101.0638298,144.7446809,0
0,2371,2371,101.125,159.075,0
0,2372,2372,102.9166667,177.4791667,0
0,2373,2373,101.6734694,163.7346939,0
0,2374,2374,100.7758621,144.5344828,0
0,2375,2375,101.2040816,145.9795918,0
0,2376,2376,101.7758621,163.5344828,0
0,2377,2377,102.3846154,177.5192308,0
0,2378,2378,101.325,158.825,0
0,2379,2379,100.4042553,143.1702128,0
0,2380,2380,100.8222222,148.3333333,0
0,2381,2381,101.754386,167.3333333,0
0,2382,2382,101.893617,176.4680851,0
0,2383,2383,100.8695652,153.8913043,0
0,2384,2384,100.2972973,143.2432432,0
0,2385,2385,101.4117647,150.627451,0
0,2386,2386,102.54,171.64,0
0,2387,2387,102.375,174,0
0,2388,2388,101.1190476,150.6666667,0
0,2389,2389,101.52,143.04,0
0,2390,2390,101.1304348,153.8695652,0
0,2391,2391,102.1607143,175.25,0
0,2392,2392,101.5853659,169.4146341,0
0,2393,2393,101.2352941,147.1764706,0
0,2394,2394,100.8823529,144.7058824,0
0,2395,2395,101.3902439,157.4634146,0
0,2396,2396,102.5294118,177.254902,0
0,2397,2397,101.42,164.7,0
0,2398,2398,100.9464286,145.125,0
0,2399,2399,101.38,145.9,0
0,2400,2400,101.6923077,162.3653846,0
0,2401,2401,102.4285714,177.6734694,0
0,2402,2402,101.4680851,160.212766,0
0,2403,2403,100.8867925,143.6981132,0
0,2404,2404,100.6,147.6,0
0,2405,2405,101.5409836,166.0163934,0
0,2406,2406,101.6603774,176.5471698,0
0,2407,2407,101.2666667,154.9555556,0
0,2408,2408,101.0384615,142.7884615,0
0,2409,2409,101.2909091,149.4727273,0
0,2410,2410,102.12,170.58,0
0,2411,2411,102.047619,174.6190476,0
0,2412,2412,101.1363636,151.4090909,0
0,2413,2413,100.8181818,143.1363636,0
0,2414,2414,101.5490196,152.8039216,0
0,2415,2415,102.7916667,174.6458333,0
0,2416,2416,102.0238095,170.6190476,0
0,2417,2417,101.0416667,147.8333333,0
0,2418,2418,101.0909091,143.7090909,0
0,2419,2419,101.7608696,155.9565217,0
0,2420,2420,102.1206897,176.5,0
0,2421,2421,101.4333333,165.9166667,0
0,2422,2422,101.4,145.4,0
0,2423,2423,100.875,145.1785714,0
0,2424,2424,101.7169811,160.9622642,0
0,2425,2425,102.4716981,177.6603774,0
0,2426,2426,101.4318182,161.6136364,0
0,2427,2427,101.2692308,143.9038462,0
0,2428,2428,101.0517241,146.9482759,0
0,2429,2429,101.5409836,164.9344262,0
0,2430,2430,102.1568627,177.1960784,0
0,2431,2431,101.2682927,155.902439,0
0,2432,2432,100.2941176,143.6176471,0
0,2433,2433,101.3518519,148.7592593,0
0,2434,2434,101.6326531,168.7142857,0
0,2435,2435,102.1702128,175.4255319,0
0,2436,2436,101.5681818,152.3636364,0
0,2437,2437,101.0769231,144.025641,0
0,2438,2438,101.8297872,152.1914894,0
0,2439,2439,101.9318182,174.0454545,0
0,2440,2440,101.75,171.775,0
0,2441,2441,100.7291667,148.625,0
0,2442,2442,101.5319149,143.6595745,0
0,2443,2443,101.0217391,155.0434783,0
0,2444,2444,102.2037037,176.2037037,0
0,2445,2445,101.4166667,167.4791667,0
0,2446,2446,101.2105263,146.1578947,0
0,2447,2447,101.0892857,144.5178571,0
0,2448,2448,101.8846154,159.8269231,0
0,2449,2449,102.3191489,177.8723404,0
0,2450,2450,101.9038462,163.1346154,0
0,2451,2451,101.1296296,144.5555556,0
0,2452,2452,101.5172414,146.1034483,0
0,2453,2453,102.0491803,163.6721311,0
0,2454,2454,102.3333333,177.7555556,0
0,2455,2455,101.2142857,157.9285714,0
0,2456,2456,101.3555556,143.8444444,0
0,2457,2457,101.2156863,148.4313725,0
0,2458,2458,101.8070175,167.5438596,0
0,2459,2459,102.1956522,176.1521739,0
0,2460,2460,101.7659574,153.1276596,0
0,2461,2461,100.475,144.2,0
0,2462,2462,101.7173913,151.3695652,0
0,2463,2463,102.2244898,172.755102,0
0,2464,2464,102.1702128,173.106383,0
0,2465,2465,101.48,149.58,0
0,2466,2466,101.6170213,143.7659574,0
0,2467,2467,101.5581395,154.5813953,0
0,2468,2468,102.0851064,175.9574468,0
0,2469,2469,101.7608696,168.4782609,0
0,2470,2470,100.8888889,147.2222222,0
0,2471,2471,101.3469388,144.7346939,0
0,2472,2472,101.6341463,158.9756098,0
0,2473,2473,102.3829787,177.4468085,0
0,2474,2474,101.968254,164.2539683,0
0,2475,2475,101.5098039,144.9803922,0
0,2476,2476,101.1403509,146.0701754,0
0,2477,2477,101.9807692,163.3076923,0
0,2478,2478,102.5909091,177.5,0
0,2479,2479,101.9183673,159.5918367,0
0,2480,2480,101.3181818,143.5454545,0
0,2481,2481,101.6666667,147.7222222,0
0,2482,2482,101.9122807,167.1754386,0
0,2483,2483,102.2407407,176.462963,0
0,2484,2484,101.6086957,154.5652174,0
0,2485,2485,102.175,143.225,0
0,2486,2486,101.9318182,150.6590909,0
0,2487,2487,102.3636364,171.5681818,0
0,2488,2488,102.4705882,174.3921569,0
0,2489,2489,101.8,151.0444444,0
0,2490,2490,102.1627907,143.4651163,0
0,2491,2491,101.6,153.2444444,0
0,2492,2492,102.4259259,175.462963,0
0,2493,2493,102.3636364,170.0227273,0
0,2494,2494,101.4042553,147.7234043,0
0,2495,2495,101.5208333,144.6875,0
0,2496,2496,101.5609756,157.8292683,0
0,2497,2497,102.5652174,177.2173913,0
0,2498,2498,102.125,165.0535714,0
0,2499,2499,101.56,146,0